facility_id,facility_name,facility_type,subtype,fuel,status,latitude,longitude,location_accuracy,state,capacity,capacity_unit,n_units,area_km2,onshore_offshore,operator,source_tracker
L100000401458,Pragati Combined Cycle power plant,oil_gas_power_plant,,fossil gas: natural gas,operating,28.6146,77.2528,exact,Delhi,330.4,MW,1,,,,GEM GOGPT (Global Oil and Gas Plant Tracker (GOGPT) - August 2026.xlsx)
L100000401459,Pragati Combined Cycle Gas Turbine-III power station,oil_gas_power_plant,,fossil gas: natural gas,operating,28.7962571,77.0709926,exact,Delhi,1500.0,MW,2,,,,GEM GOGPT (Global Oil and Gas Plant Tracker (GOGPT) - August 2026.xlsx)
L100000401461,Dholpur Combined Cycle power plant,oil_gas_power_plant,,fossil gas: natural gas,operating,26.701839,77.847933,exact,Rajasthan,330.0,MW,1,,,,GEM GOGPT (Global Oil and Gas Plant Tracker (GOGPT) - August 2026.xlsx)
L100000401462,Ramgarh Combined Cycle power plant,oil_gas_power_plant,,"fossil gas: natural gas, fossil liquids: diesel",operating,27.337693,70.525314,exact,Rajasthan,270.5,MW,1,,,,GEM GOGPT (Global Oil and Gas Plant Tracker (GOGPT) - August 2026.xlsx)
L100000401463,Faridabad Combined Cycle power plant,oil_gas_power_plant,,"fossil gas: natural gas, fossil liquids: naphtha, fossil liquids: diesel",operating,28.34652,77.359003,exact,Haryana,431.6,MW,1,,,,GEM GOGPT (Global Oil and Gas Plant Tracker (GOGPT) - August 2026.xlsx)
L100000401464,Anta power plant,oil_gas_power_plant,,fossil gas: natural gas,operating,25.1797,76.3188,exact,Rajasthan,419.3,MW,1,,,,GEM GOGPT (Global Oil and Gas Plant Tracker (GOGPT) - August 2026.xlsx)
L100000401465,Dadri Combined Cycle power plant,oil_gas_power_plant,,"fossil gas: natural gas, fossil liquids: diesel",operating,28.5932,77.6101,exact,Uttar Pradesh,829.8,MW,1,,,,GEM GOGPT (Global Oil and Gas Plant Tracker (GOGPT) - August 2026.xlsx)
L100000401466,Auraiya Combined Cycle power plant,oil_gas_power_plant,,fossil gas: natural gas,operating,26.6282,79.5286,exact,Uttar Pradesh,663.0,MW,1,,,,GEM GOGPT (Global Oil and Gas Plant Tracker (GOGPT) - August 2026.xlsx)
L100000401467,Hazira (GSEG) power station,oil_gas_power_plant,,fossil gas: natural gas,operating,21.1652,72.6613,exact,Gujarat,507.0,MW,2,,,,GEM GOGPT (Global Oil and Gas Plant Tracker (GOGPT) - August 2026.xlsx)
L100000401469,Pipavav Combined Cycle power plant,oil_gas_power_plant,,fossil gas: natural gas,operating,20.8986,71.46926,exact,Gujarat,702.0,MW,2,,,,GEM GOGPT (Global Oil and Gas Plant Tracker (GOGPT) - August 2026.xlsx)
L100000401471,Dhuvaran Combined Cycle power plant,oil_gas_power_plant,,"fossil gas: natural gas, fossil gas: LNG",operating,22.2396,72.752,exact,Gujarat,594.0,MW,3,,,,GEM GOGPT (Global Oil and Gas Plant Tracker (GOGPT) - August 2026.xlsx)
L100000401474,Utran Combined Cycle power plant,oil_gas_power_plant,,fossil gas: natural gas,operating,21.2285,72.8705,exact,Gujarat,374.0,MW,1,,,,GEM GOGPT (Global Oil and Gas Plant Tracker (GOGPT) - August 2026.xlsx)
L100000401475,Sugen Combined Cycle power plant,oil_gas_power_plant,,fossil gas: natural gas,operating,21.3395,72.9889,exact,Gujarat,1149.0,MW,3,,,,GEM GOGPT (Global Oil and Gas Plant Tracker (GOGPT) - August 2026.xlsx)
L100000401478,Unosugen Combined Cycle power plant,oil_gas_power_plant,,fossil gas: natural gas,operating,21.3413,72.989,exact,Gujarat,383.0,MW,1,,,,GEM GOGPT (Global Oil and Gas Plant Tracker (GOGPT) - August 2026.xlsx)
L100000401479,Hazira (Essar) power station,oil_gas_power_plant,captive: iron & steel,"fossil gas: natural gas, fossil liquids: naphtha, fossil liquids: diesel",operating,21.110391,72.654514,exact,Gujarat,515.0,MW,1,,,,GEM GOGPT (Global Oil and Gas Plant Tracker (GOGPT) - August 2026.xlsx)
L100000401480,Vadodara Combined Cycle power plant,oil_gas_power_plant,,fossil gas: natural gas,operating,22.375805,73.099511,exact,Gujarat,310.0,MW,2,,,,GEM GOGPT (Global Oil and Gas Plant Tracker (GOGPT) - August 2026.xlsx)
L100000401482,Paguthan Combined Cycle power plant,oil_gas_power_plant,,fossil gas: natural gas,operating,21.78,72.979,exact,Gujarat,655.0,MW,1,,,,GEM GOGPT (Global Oil and Gas Plant Tracker (GOGPT) - August 2026.xlsx)
L100000401483,DGEN Mega Combined Cycle power plant,oil_gas_power_plant,,fossil gas: natural gas,operating,21.6923,72.6215,exact,Gujarat,1200.0,MW,3,,,,GEM GOGPT (Global Oil and Gas Plant Tracker (GOGPT) - August 2026.xlsx)
L100000401486,Uran Combined Cycle power plant,oil_gas_power_plant,,fossil gas: natural gas,operating,18.88,72.9715,exact,Maharashtra,672.0,MW,1,,,,GEM GOGPT (Global Oil and Gas Plant Tracker (GOGPT) - August 2026.xlsx)
L100000401487,Trombay Combined Cycle power plant,oil_gas_power_plant,,fossil gas: natural gas,operating,19.0018,72.8967,exact,Maharashtra,180.0,MW,1,,,,GEM GOGPT (Global Oil and Gas Plant Tracker (GOGPT) - August 2026.xlsx)
L100000401488,Mangaon Combined Cycle power plant,oil_gas_power_plant,,fossil gas: natural gas,operating,18.3879,73.3529,exact,Maharashtra,388.0,MW,1,,,,GEM GOGPT (Global Oil and Gas Plant Tracker (GOGPT) - August 2026.xlsx)
L100000401489,Jhanor Gandhar Combined Cycle power plant,oil_gas_power_plant,,fossil gas: natural gas,operating,21.8242,73.1136,exact,Gujarat,657.0,MW,1,,,,GEM GOGPT (Global Oil and Gas Plant Tracker (GOGPT) - August 2026.xlsx)
L100000401490,Kawas Combined Cycle power plant,oil_gas_power_plant,,fossil gas: natural gas,operating,21.175,72.6879,exact,Gujarat,656.0,MW,1,,,,GEM GOGPT (Global Oil and Gas Plant Tracker (GOGPT) - August 2026.xlsx)
L100000401491,Ratnagiri Combined Cycle power plant,oil_gas_power_plant,,fossil gas: LNG,operating,17.5587,73.16705,exact,Maharashtra,1968.0,MW,3,,,,GEM GOGPT (Global Oil and Gas Plant Tracker (GOGPT) - August 2026.xlsx)
L100000401494,Kondapalli Combined Cycle power plant,oil_gas_power_plant,,fossil gas: natural gas,operating,16.64,80.5504,exact,Andhra Pradesh,1476.0,MW,4,,,,GEM GOGPT (Global Oil and Gas Plant Tracker (GOGPT) - August 2026.xlsx)
L100000401498,Gautami Combined Cycle power plant,oil_gas_power_plant,,"fossil gas: natural gas, fossil liquids: diesel",operating,17.0386,82.1286,exact,Andhra Pradesh,464.0,MW,1,,,,GEM GOGPT (Global Oil and Gas Plant Tracker (GOGPT) - August 2026.xlsx)
L100000401499,Vijjeswaram Combined Cycle power plant,oil_gas_power_plant,,"fossil gas: natural gas, fossil liquids: naphtha, fossil liquids: diesel",operating,16.9335,81.7243,exact,Andhra Pradesh,272.0,MW,2,,,,GEM GOGPT (Global Oil and Gas Plant Tracker (GOGPT) - August 2026.xlsx)
L100000401501,Konaseema Combined Cycle power plant,oil_gas_power_plant,,fossil gas: natural gas,operating,16.7346,81.8622,exact,Andhra Pradesh,445.0,MW,1,,,,GEM GOGPT (Global Oil and Gas Plant Tracker (GOGPT) - August 2026.xlsx)
L100000401502,Samalkot Combined Cycle power plant,oil_gas_power_plant,,"fossil gas: natural gas, fossil liquids: naphtha",operating,17.0853,82.1283,exact,Andhra Pradesh,220.0,MW,1,,,,GEM GOGPT (Global Oil and Gas Plant Tracker (GOGPT) - August 2026.xlsx)
L100000401503,Jegurupadu Combined Cycle power plant,oil_gas_power_plant,,fossil gas: natural gas,operating,16.9312,81.86,exact,Andhra Pradesh,455.0,MW,2,,,,GEM GOGPT (Global Oil and Gas Plant Tracker (GOGPT) - August 2026.xlsx)
L100000401505,Vemagiri Combined Cycle power plant,oil_gas_power_plant,,fossil gas: natural gas,operating,16.9238,81.8141,exact,Andhra Pradesh,388.0,MW,1,,,,GEM GOGPT (Global Oil and Gas Plant Tracker (GOGPT) - August 2026.xlsx)
L100000401506,Godavari Combined Cycle power plant,oil_gas_power_plant,,fossil gas: natural gas,operating,17.0587,82.3097,exact,Andhra Pradesh,208.0,MW,1,,,,GEM GOGPT (Global Oil and Gas Plant Tracker (GOGPT) - August 2026.xlsx)
L100000401508,GREL Combined Cycle power plant (Rajahmundry),oil_gas_power_plant,,fossil gas: natural gas,operating,16.9247,81.8112,exact,Andhra Pradesh,768.0,MW,2,,,,GEM GOGPT (Global Oil and Gas Plant Tracker (GOGPT) - August 2026.xlsx)
L100000401510,Kuttalam Combined Cycle power plant,oil_gas_power_plant,,fossil gas: natural gas,operating,11.076,79.57,exact,Tamil Nadu,101.0,MW,1,,,,GEM GOGPT (Global Oil and Gas Plant Tracker (GOGPT) - August 2026.xlsx)
L100000401511,Thirumakotai Combined Cycle power plant,oil_gas_power_plant,,fossil gas: natural gas,operating,10.5415,79.4507,exact,Tamil Nadu,107.0,MW,1,,,,GEM GOGPT (Global Oil and Gas Plant Tracker (GOGPT) - August 2026.xlsx)
L100000401512,Valuthur Combined Cycle power plant,oil_gas_power_plant,,fossil gas: natural gas,operating,9.34836,78.9235,exact,Tamil Nadu,187.0,MW,2,,,,GEM GOGPT (Global Oil and Gas Plant Tracker (GOGPT) - August 2026.xlsx)
L100000401514,P.Nallur Combined Cycle power plant,oil_gas_power_plant,,"fossil gas: natural gas, fossil liquids: naphtha",operating,11.0749,79.834,exact,Tamil Nadu,331.0,MW,1,,,,GEM GOGPT (Global Oil and Gas Plant Tracker (GOGPT) - August 2026.xlsx)
L100000401518,Karappur Combined Cycle power plant,oil_gas_power_plant,,fossil gas: natural gas,operating,11.121782,79.527904,exact,Tamil Nadu,120.0,MW,1,,,,GEM GOGPT (Global Oil and Gas Plant Tracker (GOGPT) - August 2026.xlsx)
L100000401519,Namrup power station,oil_gas_power_plant,,fossil gas: natural gas,operating,27.1858,95.376,exact,Assam,98.4,MW,1,,,,GEM GOGPT (Global Oil and Gas Plant Tracker (GOGPT) - August 2026.xlsx)
L100000401520,Monarchak Combined Cycle power plant,oil_gas_power_plant,,fossil gas: natural gas,operating,23.438,91.274,exact,Tripura,101.0,MW,1,,,,GEM GOGPT (Global Oil and Gas Plant Tracker (GOGPT) - August 2026.xlsx)
L100000401521,Tripura Combined Cycle power plant,oil_gas_power_plant,,fossil gas: natural gas,operating,23.4987,91.4385,exact,Tripura,726.0,MW,2,,,,GEM GOGPT (Global Oil and Gas Plant Tracker (GOGPT) - August 2026.xlsx)
L100000407120,Yelahanka Raichur power station,oil_gas_power_plant,,fossil gas: natural gas,operating,13.117556,77.581875,exact,Karnataka,370.0,MW,1,,,,GEM GOGPT (Global Oil and Gas Plant Tracker (GOGPT) - August 2026.xlsx)
L100000407123,Kashipur Sravanthi power station,oil_gas_power_plant,,fossil gas: natural gas,operating,29.154721,78.974029,exact,Uttarakhand,450.0,MW,2,,,,GEM GOGPT (Global Oil and Gas Plant Tracker (GOGPT) - August 2026.xlsx)
L100000407143,Bhander power station,oil_gas_power_plant,captive: iron & steel,fossil gas: natural gas,operating,21.114424,72.656204,exact,Gujarat,500.0,MW,1,,,,GEM GOGPT (Global Oil and Gas Plant Tracker (GOGPT) - August 2026.xlsx)
L100000407144,Kashipur (Gama) power station,oil_gas_power_plant,,fossil gas: natural gas,operating,29.141711,78.963497,exact,Uttarakhand,225.0,MW,1,,,,GEM GOGPT (Global Oil and Gas Plant Tracker (GOGPT) - August 2026.xlsx)
L100000407146,Vadinar P1 power station,oil_gas_power_plant,captive: oil & refining,fossil gas: natural gas,operating,22.324327,69.737699,exact,Gujarat,380.0,MW,1,,,,GEM GOGPT (Global Oil and Gas Plant Tracker (GOGPT) - August 2026.xlsx)
L100000407355,Assam Gas Based power station,oil_gas_power_plant,,fossil gas: natural gas,operating,27.340995,95.406384,exact,Assam,291.0,MW,3,,,,GEM GOGPT (Global Oil and Gas Plant Tracker (GOGPT) - August 2026.xlsx)
L100000407589,Sai Regency Power power plant,oil_gas_power_plant,,fossil gas: natural gas,operating,9.362703,78.893266,approximate,Tamil Nadu,58.0,MW,1,,,,GEM GOGPT (Global Oil and Gas Plant Tracker (GOGPT) - August 2026.xlsx)
L100000407590,Rithala Gas power plant,oil_gas_power_plant,,fossil gas: natural gas,operating,28.7327,77.1016,exact,Delhi,108.0,MW,1,,,,GEM GOGPT (Global Oil and Gas Plant Tracker (GOGPT) - August 2026.xlsx)
L100000407592,IOCL Panipat Naphtha Cracker Captive cogeneration power plant,oil_gas_power_plant,captive: oil & refining,fossil gas: natural gas,operating,29.452388,76.872665,approximate,Haryana,238.4,MW,1,,,,GEM GOGPT (Global Oil and Gas Plant Tracker (GOGPT) - August 2026.xlsx)
L100000407593,IOCL Panipat cogeneration power plant,oil_gas_power_plant,captive: oil & refining,fossil gas: natural gas,operating,29.467309,76.875446,exact,Haryana,110.0,MW,1,,,,GEM GOGPT (Global Oil and Gas Plant Tracker (GOGPT) - August 2026.xlsx)
L100000407594,Agartala power plant,oil_gas_power_plant,,fossil gas: natural gas,operating,23.825018,91.287056,approximate,Tripura,135.0,MW,1,,,,GEM GOGPT (Global Oil and Gas Plant Tracker (GOGPT) - August 2026.xlsx)
L100000407595,Matix Fertilisers Captive power plant,oil_gas_power_plant,captive: chemicals,fossil gas: natural gas,operating,23.44414,87.492464,exact,West Bengal,54.0,MW,1,,,,GEM GOGPT (Global Oil and Gas Plant Tracker (GOGPT) - August 2026.xlsx)
L100000407596,Manesar Captive power plant,oil_gas_power_plant,captive: automobiles,fossil gas: natural gas,operating,28.366459,76.890224,exact,Haryana,77.5,MW,1,,,,GEM GOGPT (Global Oil and Gas Plant Tracker (GOGPT) - August 2026.xlsx)
L100000407597,Mangalore Refinery power plant,oil_gas_power_plant,captive: oil & refining,fossil gas: natural gas,operating,12.983902,74.844176,exact,Karnataka,229.0,MW,2,,,,GEM GOGPT (Global Oil and Gas Plant Tracker (GOGPT) - August 2026.xlsx)
L100000407598,Kayamkulam Gas power plant,oil_gas_power_plant,,"fossil gas: natural gas, fossil liquids: naphtha",operating,9.207196,76.434225,approximate,Kerala,350.0,MW,1,,,,GEM GOGPT (Global Oil and Gas Plant Tracker (GOGPT) - August 2026.xlsx)
L100000407600,Hazira Gas Processing Complex Captive Power station,oil_gas_power_plant,,fossil gas: natural gas,operating,21.16102,72.739369,exact,Gujarat,51.0,MW,1,,,,GEM GOGPT (Global Oil and Gas Plant Tracker (GOGPT) - August 2026.xlsx)
L100000407602,GACL Dahej Caustic Captive power plant,oil_gas_power_plant,captive: chemicals,fossil gas: natural gas,operating,21.70975,72.690402,exact,Gujarat,113.0,MW,1,,,,GEM GOGPT (Global Oil and Gas Plant Tracker (GOGPT) - August 2026.xlsx)
L100000407603,Dahej OPAL Captive power plant,oil_gas_power_plant,,fossil gas: natural gas,operating,21.693394,72.623335,exact,Gujarat,195.0,MW,1,,,,GEM GOGPT (Global Oil and Gas Plant Tracker (GOGPT) - August 2026.xlsx)
L100000407604,BCPL Captive power plant,oil_gas_power_plant,captive: chemicals,fossil gas: natural gas,operating,27.469295,94.873359,exact,Assam,53.0,MW,1,,,,GEM GOGPT (Global Oil and Gas Plant Tracker (GOGPT) - August 2026.xlsx)
L100000407726,Indraprastha Gas power station,oil_gas_power_plant,,fossil gas: natural gas,operating,28.707077,77.102222,approximate,Delhi,270.0,MW,1,,,,GEM GOGPT (Global Oil and Gas Plant Tracker (GOGPT) - August 2026.xlsx)
L100000408389,Paradip Refinery Captive power station,oil_gas_power_plant,,fossil gas: unknown,operating,20.250004,86.59751,exact,Odisha,366.0,MW,3,,,,GEM GOGPT (Global Oil and Gas Plant Tracker (GOGPT) - August 2026.xlsx)
L100000408390,Lakwa Replacement power station,oil_gas_power_plant,,fossil gas: natural gas,operating,26.985766,94.93017,exact,Assam,69.8,MW,1,,,,GEM GOGPT (Global Oil and Gas Plant Tracker (GOGPT) - August 2026.xlsx)
L100000408391,Kozhikode Diesel power station,oil_gas_power_plant,,fossil liquids: diesel,operating,11.205247,75.806959,exact,Kerala,96.0,MW,1,,,,GEM GOGPT (Global Oil and Gas Plant Tracker (GOGPT) - August 2026.xlsx)
L100000408392,HPL Cogeneration power station,oil_gas_power_plant,,"fossil liquids: naphtha, fossil liquids: diesel",operating,22.651466,88.086507,exact,West Bengal,116.0,MW,1,,,,GEM GOGPT (Global Oil and Gas Plant Tracker (GOGPT) - August 2026.xlsx)
L100000408393,HPCL Vizag Refinery power station,oil_gas_power_plant,,fossil gas: unknown,operating,17.68858,83.251943,exact,Andhra Pradesh,60.0,MW,1,,,,GEM GOGPT (Global Oil and Gas Plant Tracker (GOGPT) - August 2026.xlsx)
L100000408395,Guru Gobind Singh Refinery power station,oil_gas_power_plant,,fossil liquids: fuel oil,operating,29.924421,74.958902,exact,Punjab,165.0,MW,1,,,,GEM GOGPT (Global Oil and Gas Plant Tracker (GOGPT) - August 2026.xlsx)
L100000408396,Gujarat Cement Works Combined Cycle power station,oil_gas_power_plant,,"fossil liquids: naphtha, fossil liquids: diesel",operating,20.910433,71.458493,approximate,Gujarat,50.0,MW,1,,,,GEM GOGPT (Global Oil and Gas Plant Tracker (GOGPT) - August 2026.xlsx)
L100000408397,BSES Kerala power station,oil_gas_power_plant,,fossil liquids: naphtha,operating,10.074502,76.319108,exact,Kerala,165.0,MW,1,,,,GEM GOGPT (Global Oil and Gas Plant Tracker (GOGPT) - August 2026.xlsx)
L100000408398,Brahmapuram Diesel power station,oil_gas_power_plant,,fossil liquids: diesel,operating,9.997399,76.373166,exact,Kerala,64.0,MW,1,,,,GEM GOGPT (Global Oil and Gas Plant Tracker (GOGPT) - August 2026.xlsx)
L100000408399,Arkay Energy Rameswarm power station,oil_gas_power_plant,captive: unknown,fossil gas: natural gas,operating,9.328504,78.923287,approximate,Tamil Nadu,150.0,MW,1,,,,GEM GOGPT (Global Oil and Gas Plant Tracker (GOGPT) - August 2026.xlsx)
L100000408400,Ankleshwar Caustic Plant power station,oil_gas_power_plant,,"fossil gas: natural gas, coal: unknown",operating,21.638747,73.183,exact,Gujarat,50.0,MW,1,,,,GEM GOGPT (Global Oil and Gas Plant Tracker (GOGPT) - August 2026.xlsx)
L100000304958,"Ankleshwar Oil and Gas Field (Gujarat, India)",oil_gas_field,,oil and gas,operating,21.595,72.93,exact,Gujarat,,,1,,onshore,Oil and Natural Gas Corporation,GEM GOGET (Global-Oil-and-Gas-Extraction-Tracker-March-2026.xlsx)
L100000321269,Cluster 2 Oil and Gas Field (India),oil_gas_field,,oil and gas,operating,16.282,82.207,approximate,,,,1,,offshore,Oil and Natural Gas Corporation,GEM GOGET (Global-Oil-and-Gas-Extraction-Tracker-March-2026.xlsx)
L100000321265,D-1 Oil and Gas Field (India),oil_gas_field,,oil and gas,operating,18.711,71.076,exact,,,,1,,offshore,Oil and Natural Gas Corporation,GEM GOGET (Global-Oil-and-Gas-Extraction-Tracker-March-2026.xlsx)
L100000321309,Daman Gas Field (India),oil_gas_field,,gas,operating,20.3947,72.6253,approximate,,,,1,,offshore,Oil and Natural Gas Corporation,GEM GOGET (Global-Oil-and-Gas-Extraction-Tracker-March-2026.xlsx)
L100000321264,Deen Dayal West Oil and Gas Field (India),oil_gas_field,,oil and gas,operating,17.054,82.531,approximate,,,,1,,offshore,Oil and Natural Gas Corporation,GEM GOGET (Global-Oil-and-Gas-Extraction-Tracker-March-2026.xlsx)
L100000321308,"Geleki Oil and Gas Field (Assam, India)",oil_gas_field,,oil and gas,operating,26.769,94.692,exact,Assam,,,1,,onshore,ONGC,GEM GOGET (Global-Oil-and-Gas-Extraction-Tracker-March-2026.xlsx)
L100000321253,Kuthalam Oil and Gas Field (India),oil_gas_field,,oil and gas,operating,11.075,79.56,exact,,,,1,,onshore,Oil and Natural Gas Corporation,GEM GOGET (Global-Oil-and-Gas-Extraction-Tracker-March-2026.xlsx)
L100000313100,MJ Gas Field (India),oil_gas_field,,gas,operating,16.529,83.9559,approximate,,,,1,,offshore,Reliance Industries,GEM GOGET (Global-Oil-and-Gas-Extraction-Tracker-March-2026.xlsx)
L100000321266,"Raageshwari Deep Gas Oil and Gas Field (Rajasthan, India)",oil_gas_field,,oil and gas,operating,25.266,71.786,approximate,Rajasthan,,,1,,onshore,Vedanta,GEM GOGET (Global-Oil-and-Gas-Extraction-Tracker-March-2026.xlsx)
L100000321311,Ratna Oil and Gas Field (India),oil_gas_field,,oil and gas,operating,18.313,72.396,exact,,,,1,,offshore,Oil and Natural Gas Corporation,GEM GOGET (Global-Oil-and-Gas-Extraction-Tracker-March-2026.xlsx)
L100000313098,R Cluster Gas Field (India),oil_gas_field,,gas,operating,16.177,82.618,exact,,,,1,,offshore,Reliance Industries,GEM GOGET (Global-Oil-and-Gas-Extraction-Tracker-March-2026.xlsx)
L100000318252,"SSG/SSF Oil and Gas Asset (Rajasthan, India)",oil_gas_field,,oil and gas,operating,26.4613,73.6586,approximate,Rajasthan,,,1,,onshore,Focus Energy,GEM GOGET (Global-Oil-and-Gas-Extraction-Tracker-March-2026.xlsx)
L100000318025,Vasai Oil and Gas Field (India),oil_gas_field,,oil and gas,operating,19.0558,71.8554,exact,,,,1,,offshore,Oil and Natural Gas Corporation,GEM GOGET (Global-Oil-and-Gas-Extraction-Tracker-March-2026.xlsx)
L100000321297,Vasistha Gas Field (India),oil_gas_field,,gas,operating,16.2521,82.2678,approximate,,,,1,,offshore,Oil and Natural Gas Corporation,GEM GOGET (Global-Oil-and-Gas-Extraction-Tracker-March-2026.xlsx)
T100000130427,Dahej LNG Terminal,lng_terminal,import,LNG,operating,21.6746,72.536,exact,Gujarat,17.5,Mtpa,2,,,,GEM GGIT LNG (GEM-GGIT-LNG-Teminals-2025-09.xlsx)
T100000130429,Dabhol LNG Terminal,lng_terminal,import,LNG,operating,17.54,73.16,exact,Maharashtra,5.0,Mtpa,2,,,,GEM GGIT LNG (GEM-GGIT-LNG-Teminals-2025-09.xlsx)
T100000130431,Dhamra LNG Terminal,lng_terminal,import,LNG,operating,20.821109,86.965264,exact,,5.0,Mtpa,1,,,,GEM GGIT LNG (GEM-GGIT-LNG-Teminals-2025-09.xlsx)
T100000130439,Hazira LNG Terminal,lng_terminal,import,LNG,operating,21.098,72.624,exact,Gujarat,5.2,Mtpa,1,,,,GEM GGIT LNG (GEM-GGIT-LNG-Teminals-2025-09.xlsx)
T100000130447,Kochi LNG Terminal,lng_terminal,import,LNG,operating,9.9787,76.2261,exact,Kerala,5.0,Mtpa,1,,,,GEM GGIT LNG (GEM-GGIT-LNG-Teminals-2025-09.xlsx)
T100000130455,Mundra LNG Terminal,lng_terminal,import,LNG,operating,22.7374322,69.6668651,exact,Gujarat,5.0,Mtpa,1,,,,GEM GGIT LNG (GEM-GGIT-LNG-Teminals-2025-09.xlsx)
T100000130662,Ennore LNG Terminal,lng_terminal,import,LNG,operating,13.259407,80.337425,approximate,Tamil Nadu,5.0,Mtpa,1,,,Indian Oil LNG,GEM GGIT LNG (GEM-GGIT-LNG-Teminals-2025-09.xlsx)
T100000130800,Chhara LNG Terminal,lng_terminal,import,LNG,operating,20.72124,70.749983,exact,Gujarat,5.0,Mtpa,1,,,,GEM GGIT LNG (GEM-GGIT-LNG-Teminals-2025-09.xlsx)
P100000140557,Reliance Jamnagar Chemical Plant,chemical_plant,ethylene,ethane; naphtha,not tracked by GEM,22.334148,69.84961,exact,Gujarat,,,1,,,Reliance Industries Limited [100%],GEM Chemicals Inventory (Plant-level_data_-_Global_Chemicals_Inventory_-_November_2025_V2.xlsx)
L100000102224,Salaya power plant,coal_power_plant,captive: oil & refining,unknown,operating,22.3049,69.7101,exact,Gujarat,1200.0,MW,2,,,Essar Power Gujarat Ltd [100%],GEM GCPT (Global-Coal-Plant-Tracker-July-2026.xlsx)
L100000102225,Sikka Thermal Power Station,coal_power_plant,,unknown,operating,22.420828,69.8276,exact,Gujarat,500.0,MW,2,,,Gujarat State Electricity Corporation Ltd [100%],GEM GCPT (Global-Coal-Plant-Tracker-July-2026.xlsx)
P100000124098,Shree Digvijay Cement Company Sikka Cement Plant,cement_plant,integrated; kilns: 1,,operating,22.429021,69.834138,exact,Gujarat,2.21,Mtpa clinker,1,,,Shree Digvijay Cement Company Ltd [100%],GEM GCCT (Plant-level_data_-_Global_Cement_and_Concrete_Tracker_-_July_2026_-_Standard_Copy_V1.xlsx)
