alert_id,alert_type,latitude,longitude,acq_date,acq_time,satellite,daynight,label,frp,site_normal_frp,frp_vs_normal,prior_active_days,facility_type,facility_name,facility_distance_m,active_days_30d,recurrence_count,first_seen,event_count,dominant_class,maps_link
fire_near_infrastructure|22.36764|73.12083|2026-09-23|2150|N,fire_near_infrastructure,22.36764,73.12083,2026-09-23,2150,N,N,industrial,2.3,,,14.0,refinery · OSM,Gujarat Refinery,0.0,,1.0,2026-09-23,,,"https://www.google.com/maps?q=22.36764,73.12083&t=k"
fire_near_infrastructure|22.36439|73.12109|2026-09-23|2150|N,fire_near_infrastructure,22.36439,73.12109,2026-09-23,2150,N,N,industrial,4.07,,,43.0,refinery · OSM,Gujarat Refinery,0.0,,1.0,2026-09-23,,,"https://www.google.com/maps?q=22.36439,73.12109&t=k"
fire_near_infrastructure|22.36144|73.11910|2026-09-23|2150|N,fire_near_infrastructure,22.36144,73.1191,2026-09-23,2150,N,N,unknown,2.3,,,10.0,refinery · OSM,Gujarat Refinery,281.0,,1.0,2026-09-23,,,"https://www.google.com/maps?q=22.36144,73.1191&t=k"
fire_near_infrastructure|22.36418|73.11755|2026-09-23|2114|N21,fire_near_infrastructure,22.36418,73.11755,2026-09-23,2114,N21,N,unknown,8.91,,,84.0,refinery · OSM,Gujarat Refinery,67.0,,1.0,2026-09-23,,,"https://www.google.com/maps?q=22.36418,73.11755&t=k"
fire_near_infrastructure|22.31483|69.85460|2026-09-23|2027|N20,fire_near_infrastructure,22.31483,69.8546,2026-09-23,2027,N20,N,industrial,0.33,,,,refinery · OSM,Reliance Refinery,0.0,,1.0,2026-09-23,,,"https://www.google.com/maps?q=22.31483,69.8546&t=k"
fire_near_infrastructure|22.36667|73.11252|2026-09-23|2027|N20,fire_near_infrastructure,22.36667,73.11252,2026-09-23,2027,N20,N,unknown,2.22,,,80.0,refinery · OSM,Gujarat Refinery,32.0,,1.0,2026-09-23,,,"https://www.google.com/maps?q=22.36667,73.11252&t=k"
fire_near_infrastructure|22.31400|69.86107|2026-09-22|2208|N,fire_near_infrastructure,22.314,69.86107,2026-09-22,2208,N,N,industrial,0.7,,,7.0,refinery · OSM,Reliance Refinery,0.0,,1.0,2026-09-22,,,"https://www.google.com/maps?q=22.314,69.86107&t=k"
fire_near_infrastructure|22.31283|69.86509|2026-09-22|2208|N,fire_near_infrastructure,22.31283,69.86509,2026-09-22,2208,N,N,industrial,1.04,,,,refinery · OSM,Reliance Refinery,0.0,,1.0,2026-09-22,,,"https://www.google.com/maps?q=22.31283,69.86509&t=k"
fire_near_infrastructure|24.81712|73.09222|2026-09-22|2131|N21,fire_near_infrastructure,24.81712,73.09222,2026-09-22,2131,N21,N,unknown,0.77,,,,power plant (coal) · OSM,unnamed,788.0,,1.0,2026-09-22,,,"https://www.google.com/maps?q=24.81712,73.09222&t=k"
industrial_anomaly|26.63930|79.47697|2026-09-22|1949|N21,industrial_anomaly,26.6393,79.47697,2026-09-22,1949,N21,N,industrial,5.18,1.22,4.25,105.0,OSM industrial=yes,,0.0,,8.0,2026-06-24,,,"https://www.google.com/maps?q=26.6393,79.47697&t=k"
fire_near_infrastructure|8.83440|78.08942|2026-09-22|0816|N20,fire_near_infrastructure,8.8344,78.08942,2026-09-22,0816,N20,D,unknown,7.17,,,,power plant (coal) · OSM,unnamed,1573.0,,1.0,2026-09-22,,,"https://www.google.com/maps?q=8.8344,78.08942&t=k"
new_unmapped_source|2531|22931,new_unmapped_source,8.6058,77.96548,2026-09-22,0756,N,D,wildfire,16.02,,,,,,,5.0,5.0,2026-09-01,,,"https://www.google.com/maps?q=8.6058,77.96548&t=k"
fire_near_infrastructure|22.31189|69.71835|2026-09-21|2106|N20,fire_near_infrastructure,22.31189,69.71835,2026-09-21,2106,N20,N,industrial,1.78,,,,power plant (coal) · OSM,Essar Power,304.0,,1.0,2026-09-21,,,"https://www.google.com/maps?q=22.31189,69.71835&t=k"
fire_near_infrastructure|22.31516|82.52596|2026-09-21|2106|N20,fire_near_infrastructure,22.31516,82.52596,2026-09-21,2106,N20,N,unknown,1.74,,,62.0,power plant (coal) · OSM,S V Power Private Limited Renki,1457.0,,1.0,2026-09-21,,,"https://www.google.com/maps?q=22.31516,82.52596&t=k"
new_unmapped_source|8338|22715,new_unmapped_source,28.34821,77.23076,2026-09-21,2104,N20,N,agricultural burning,1.8,,,,,,,5.0,6.0,2025-09-14,,,"https://www.google.com/maps?q=28.34821,77.23076&t=k"
fire_near_infrastructure|22.31075|69.71478|2026-09-21|2049|N,fire_near_infrastructure,22.31075,69.71478,2026-09-21,2049,N,N,industrial,1.05,,,,power plant (coal) · OSM,Essar Power,0.0,,1.0,2026-09-21,,,"https://www.google.com/maps?q=22.31075,69.71478&t=k"
fire_near_infrastructure|26.63097|79.52794|2026-09-21|2046|N,fire_near_infrastructure,26.63097,79.52794,2026-09-21,2046,N,N,industrial,1.04,,,,power plant (gas) · OSM,Auraiya Thermal Power Station,0.0,,1.0,2026-09-21,,,"https://www.google.com/maps?q=26.63097,79.52794&t=k"
industrial_anomaly|21.23955|81.38660|2026-09-21|2010|N21,industrial_anomaly,21.23955,81.3866,2026-09-21,2010,N21,N,industrial,1.88,0.86,2.2,50.0,OSM industrial=factory,,0.0,,1.0,2026-09-21,,,"https://www.google.com/maps?q=21.23955,81.3866&t=k"
industrial_anomaly|21.34204|81.67223|2026-09-21|2010|N21,industrial_anomaly,21.34204,81.67223,2026-09-21,2010,N21,N,industrial,2.83,0.84,3.37,105.0,OSM industrial=yes,,0.0,,4.0,2026-07-30,,,"https://www.google.com/maps?q=21.34204,81.67223&t=k"
fire_near_infrastructure|24.71657|75.95193|2026-09-21|2010|N21,fire_near_infrastructure,24.71657,75.95193,2026-09-21,2010,N21,N,industrial,1.59,,,20.0,power plant (coal) · OSM,unnamed,10.0,,1.0,2026-09-21,,,"https://www.google.com/maps?q=24.71657,75.95193&t=k"
industrial_anomaly|23.48737|87.36256|2026-09-21|1925|N20,industrial_anomaly,23.48737,87.36256,2026-09-21,1925,N20,N,industrial,4.3,1.34,3.21,53.0,OSM industrial=yes,,0.0,,2.0,2026-09-17,,,"https://www.google.com/maps?q=23.48737,87.36256&t=k"
fire_near_infrastructure|21.20082|81.41054|2026-09-21|1925|N20,fire_near_infrastructure,21.20082,81.41054,2026-09-21,1925,N20,N,industrial,2.77,,,,power plant (coal) · OSM,Bhilai 500 MW Expansion Power Project,1469.0,,1.0,2026-09-21,,,"https://www.google.com/maps?q=21.20082,81.41054&t=k"
industrial_anomaly|21.10358|72.63866|2026-09-21|0818|N,industrial_anomaly,21.10358,72.63866,2026-09-21,0818,N,D,industrial,37.18,9.72,3.83,212.0,OSM industrial=yes,,0.0,,35.0,2026-06-23,,,"https://www.google.com/maps?q=21.10358,72.63866&t=k"
fire_near_infrastructure|8.87128|78.08917|2026-09-21|0813|N,fire_near_infrastructure,8.87128,78.08917,2026-09-21,0813,N,D,unknown,4.56,,,,power plant (coal) · OSM,Thoothukudi IBPGL,1964.0,,1.0,2026-09-21,,,"https://www.google.com/maps?q=8.87128,78.08917&t=k"
industrial_anomaly|23.25753|70.26478|2026-09-20|2106|N,industrial_anomaly,23.25753,70.26478,2026-09-20,2106,N,N,industrial,2.31,0.9,2.57,27.0,OSM industrial=yes,,0.0,,2.0,2026-06-30,,,"https://www.google.com/maps?q=23.25753,70.26478&t=k"
industrial_anomaly|23.31525|70.48738|2026-09-20|2106|N,industrial_anomaly,23.31525,70.48738,2026-09-20,2106,N,N,industrial,2.49,1.13,2.2,53.0,OSM industrial=yes,,0.0,,6.0,2026-06-30,,,"https://www.google.com/maps?q=23.31525,70.48738&t=k"
industrial_anomaly|21.10779|72.64835|2026-09-20|2029|N21,industrial_anomaly,21.10779,72.64835,2026-09-20,2029,N21,N,gas flare,24.76,5.2,4.76,262.0,oil_gas_power_plant,,689.0,,42.0,2026-06-22,,,"https://www.google.com/maps?q=21.10779,72.64835&t=k"
fire_near_infrastructure|20.96897|86.02218|2026-09-20|2029|N21,fire_near_infrastructure,20.96897,86.02218,2026-09-20,2029,N21,N,industrial,1.14,,,37.0,power plant (coal) · OSM,Duburi Steel Power Plant,1932.0,,1.0,2026-09-20,,,"https://www.google.com/maps?q=20.96897,86.02218&t=k"
fire_near_infrastructure|21.20053|81.40128|2026-09-20|2029|N21,fire_near_infrastructure,21.20053,81.40128,2026-09-20,2029,N21,N,industrial,2.87,,,,power plant (coal) · OSM,Bhilai 500 MW Expansion Power Project,1983.0,,1.0,2026-09-20,,,"https://www.google.com/maps?q=21.20053,81.40128&t=k"
fire_near_infrastructure|20.53217|85.90520|2026-09-20|1945|N20,fire_near_infrastructure,20.53217,85.9052,2026-09-20,1945,N20,N,industrial,0.55,,,24.0,power plant (coal) · OSM,Choudwar Power Plant,0.0,,1.0,2026-09-20,,,"https://www.google.com/maps?q=20.53217,85.9052&t=k"
fire_near_infrastructure|21.20059|81.40125|2026-09-20|1945|N20,fire_near_infrastructure,21.20059,81.40125,2026-09-20,1945,N20,N,industrial,4.18,,,,power plant (coal) · OSM,Bhilai 500 MW Expansion Power Project,1990.0,,1.0,2026-09-20,,,"https://www.google.com/maps?q=21.20059,81.40125&t=k"
fire_near_infrastructure|8.81362|78.10622|2026-09-20|0835|N,fire_near_infrastructure,8.81362,78.10622,2026-09-20,0835,N,D,unknown,7.96,,,,power plant (coal) · OSM,unnamed,1001.0,,1.0,2026-09-20,,,"https://www.google.com/maps?q=8.81362,78.10622&t=k"
industrial_anomaly|20.86439|84.98729|2026-09-20|0716|N20,industrial_anomaly,20.86439,84.98729,2026-09-20,0716,N20,D,industrial,4.78,2.34,2.05,8.0,OSM industrial=yes,,0.0,,17.0,2026-06-24,,,"https://www.google.com/maps?q=20.86439,84.98729&t=k"
industrial_anomaly|23.78926|85.55051|2026-09-19|2049|N21,industrial_anomaly,23.78926,85.55051,2026-09-19,2049,N21,N,industrial,4.14,1.4,2.96,144.0,coal mine (osm),,154.0,,12.0,2026-06-27,,,"https://www.google.com/maps?q=23.78926,85.55051&t=k"
fire_near_infrastructure|21.82505|73.11562|2026-09-19|2046|N21,fire_near_infrastructure,21.82505,73.11562,2026-09-19,2046,N21,N,industrial,1.43,,,,power plant (gas) · OSM,NTPC Jhanor-Gandhar,0.0,,1.0,2026-09-19,,,"https://www.google.com/maps?q=21.82505,73.11562&t=k"
fire_near_infrastructure|17.69589|83.23974|2026-09-19|2004|N20,fire_near_infrastructure,17.69589,83.23974,2026-09-19,2004,N20,N,industrial,1.1,,,6.0,refinery · OSM,Hindustan Petroleum Corporation Limited,0.0,,1.0,2026-09-19,,,"https://www.google.com/maps?q=17.69589,83.23974&t=k"
industrial_anomaly|23.64999|85.43658|2026-09-19|1908|N21,industrial_anomaly,23.64999,85.43658,2026-09-19,1908,N21,N,industrial,4.24,1.62,2.62,175.0,coal mine (osm),,126.0,,22.0,2026-06-23,,,"https://www.google.com/maps?q=23.64999,85.43658&t=k"
industrial_anomaly|15.17976|76.67740|2026-09-19|0818|N21,industrial_anomaly,15.17976,76.6774,2026-09-19,0818,N21,D,industrial,10.15,4.8,2.11,8.0,OSM industrial=steel_mill,,0.0,,20.0,2026-06-21,,,"https://www.google.com/maps?q=15.17976,76.6774&t=k"
industrial_anomaly|21.10207|72.65056|2026-09-19|0735|N20,industrial_anomaly,21.10207,72.65056,2026-09-19,0735,N20,D,industrial,13.62,4.18,3.26,7.0,oil_gas_power_plant,,990.0,,2.0,2026-09-02,,,"https://www.google.com/maps?q=21.10207,72.65056&t=k"
fire_near_infrastructure|22.31366|69.71953|2026-09-18|2203|N20,fire_near_infrastructure,22.31366,69.71953,2026-09-18,2203,N20,N,industrial,0.99,,,,power plant (coal) · OSM,Essar Power,511.0,,1.0,2026-09-18,,,"https://www.google.com/maps?q=22.31366,69.71953&t=k"
fire_near_infrastructure|22.31089|69.71923|2026-09-18|2144|N,fire_near_infrastructure,22.31089,69.71923,2026-09-18,2144,N,N,industrial,1.74,,,5.0,power plant (coal) · OSM,Essar Power,318.0,,1.0,2026-09-18,,,"https://www.google.com/maps?q=22.31089,69.71923&t=k"
industrial_anomaly|22.42868|69.83318|2026-09-18|2108|N21,industrial_anomaly,22.42868,69.83318,2026-09-18,2108,N21,N,industrial,2.11,0.87,2.43,89.0,cement_plant,,104.0,,1.0,2026-09-18,,,"https://www.google.com/maps?q=22.42868,69.83318&t=k"
fire_near_infrastructure|22.42868|69.83318|2026-09-18|2108|N21,fire_near_infrastructure,22.42868,69.83318,2026-09-18,2108,N21,N,industrial,2.11,,,89.0,cement plant · GEM,Shree Digvijay Cement Company Sikka Cement Plant,104.0,,1.0,2026-09-18,,,"https://www.google.com/maps?q=22.42868,69.83318&t=k"
fire_near_infrastructure|16.30605|77.35918|2026-09-18|2023|N20,fire_near_infrastructure,16.30605,77.35918,2026-09-18,2023,N20,N,industrial,0.49,,,17.0,power plant (coal) · OSM,unnamed,112.0,,1.0,2026-09-18,,,"https://www.google.com/maps?q=16.30605,77.35918&t=k"
fire_near_infrastructure|20.25749|86.59939|2026-09-18|2004|N,fire_near_infrastructure,20.25749,86.59939,2026-09-18,2004,N,N,industrial,1.96,,,,refinery · OSM,IOCL Paradip Refinery Tankfarm,384.0,,1.0,2026-09-18,,,"https://www.google.com/maps?q=20.25749,86.59939&t=k"
industrial_anomaly|21.93172|85.22075|2026-09-18|1925|N21,industrial_anomaly,21.93172,85.22075,2026-09-18,1925,N21,N,industrial,3.05,1.37,2.23,100.0,OSM industrial=yes,,0.0,,4.0,2026-08-08,,,"https://www.google.com/maps?q=21.93172,85.22075&t=k"
fire_near_infrastructure|20.25705|86.59944|2026-09-18|1925|N21,fire_near_infrastructure,20.25705,86.59944,2026-09-18,1925,N21,N,unknown,3.05,,,,refinery · OSM,IOCL Paradip Refinery Tankfarm,360.0,,1.0,2026-09-18,,,"https://www.google.com/maps?q=20.25705,86.59944&t=k"
fire_near_infrastructure|31.41306|75.15014|2026-09-18|0841|N21,fire_near_infrastructure,31.41306,75.15014,2026-09-18,0841,N21,D,unknown,4.37,,,,power plant (coal) · OSM,Goindwal Sahib thermal Power plant,1148.0,,1.0,2026-09-18,,,"https://www.google.com/maps?q=31.41306,75.15014&t=k"
fire_near_infrastructure|8.97558|76.81163|2026-09-18|0835|N21,fire_near_infrastructure,8.97558,76.81163,2026-09-18,0835,N21,D,unknown,3.86,,,,power plant (gas) · OSM,unnamed,1682.0,,1.0,2026-09-18,,,"https://www.google.com/maps?q=8.97558,76.81163&t=k"
fire_near_infrastructure|18.88155|72.96802|2026-09-17|2042|N20,fire_near_infrastructure,18.88155,72.96802,2026-09-17,2042,N20,N,unknown,1.77,,,,power plant (gas) · OSM,Uran,36.0,,1.0,2026-09-17,,,"https://www.google.com/maps?q=18.88155,72.96802&t=k"
fire_near_infrastructure|21.19512|81.39056|2026-09-17|2042|N20,fire_near_infrastructure,21.19512,81.39056,2026-09-17,2042,N20,N,industrial,1.62,,,10.0,power plant (coal) · OSM,unnamed,1646.0,,1.0,2026-09-17,,,"https://www.google.com/maps?q=21.19512,81.39056&t=k"
new_unmapped_source|6461|24639,new_unmapped_source,21.96627,83.77216,2026-09-17,2040,N20,N,wildfire,3.0,,,,,,,5.0,6.0,2026-08-09,,,"https://www.google.com/maps?q=21.96627,83.77216&t=k"
industrial_anomaly|13.38076|80.11128|2026-09-17|2023|N,industrial_anomaly,13.38076,80.11128,2026-09-17,2023,N,N,industrial,1.24,0.55,2.25,7.0,OSM industrial=yes,,0.0,,1.0,2026-09-17,,,"https://www.google.com/maps?q=13.38076,80.11128&t=k"
fire_near_infrastructure|13.38076|80.11128|2026-09-17|2023|N,fire_near_infrastructure,13.38076,80.11128,2026-09-17,2023,N,N,industrial,1.24,,,7.0,power plant (coal) · OSM,Gummidipoondi Suryadev Power Plant,247.0,,1.0,2026-09-17,,,"https://www.google.com/maps?q=13.38076,80.11128&t=k"
industrial_anomaly|20.53433|85.90583|2026-09-17|2021|N,industrial_anomaly,20.53433,85.90583,2026-09-17,2021,N,N,industrial,2.14,1.06,2.02,6.0,OSM industrial=yes,,0.0,,2.0,2026-06-24,,,"https://www.google.com/maps?q=20.53433,85.90583&t=k"
fire_near_infrastructure|20.53064|85.90511|2026-09-17|2021|N,fire_near_infrastructure,20.53064,85.90511,2026-09-17,2021,N,N,unknown,1.2,,,,power plant (coal) · OSM,Choudwar Power Plant,27.0,,1.0,2026-09-17,,,"https://www.google.com/maps?q=20.53064,85.90511&t=k"
fire_near_infrastructure|22.21890|84.88046|2026-09-17|2021|N,fire_near_infrastructure,22.2189,84.88046,2026-09-17,2021,N,N,unknown,0.62,,,5.0,power plant (coal) · OSM,Rourkela Works II Power Plant,120.0,,1.0,2026-09-17,,,"https://www.google.com/maps?q=22.2189,84.88046&t=k"
fire_near_infrastructure|22.20650|84.86951|2026-09-17|2021|N,fire_near_infrastructure,22.2065,84.86951,2026-09-17,2021,N,N,unknown,1.96,,,26.0,power plant (coal) · OSM,Rourkela Works II Power Plant,1515.0,,1.0,2026-09-17,,,"https://www.google.com/maps?q=22.2065,84.86951&t=k"
fire_near_infrastructure|21.29878|81.60506|2026-09-17|2021|N,fire_near_infrastructure,21.29878,81.60506,2026-09-17,2021,N,N,industrial,0.82,,,30.0,power plant (coal) · OSM,unnamed,1573.0,,1.0,2026-09-17,,,"https://www.google.com/maps?q=21.29878,81.60506&t=k"
fire_near_infrastructure|23.48601|87.36405|2026-09-17|1945|N21,fire_near_infrastructure,23.48601,87.36405,2026-09-17,1945,N21,N,industrial,1.31,,,52.0,power plant (coal) · OSM,unnamed,520.0,,1.0,2026-09-17,,,"https://www.google.com/maps?q=23.48601,87.36405&t=k"
fire_near_infrastructure|22.85609|86.05495|2026-09-17|1945|N21,fire_near_infrastructure,22.85609,86.05495,2026-09-17,1945,N21,N,industrial,0.97,,,40.0,power plant (coal) · OSM,Mahadev Prasad Super Thermal Power Plant,1601.0,,1.0,2026-09-17,,,"https://www.google.com/maps?q=22.85609,86.05495&t=k"
fire_near_infrastructure|26.18784|91.80407|2026-09-17|1858|N20,fire_near_infrastructure,26.18784,91.80407,2026-09-17,1858,N20,N,unknown,0.83,,,,refinery · OSM,Guwahati Refinery,172.0,,1.0,2026-09-17,,,"https://www.google.com/maps?q=26.18784,91.80407&t=k"
fire_near_infrastructure|26.18773|91.80371|2026-09-17|1858|N20,fire_near_infrastructure,26.18773,91.80371,2026-09-17,1858,N20,N,unknown,1.75,,,,refinery · OSM,Guwahati Refinery,194.0,,1.0,2026-09-17,,,"https://www.google.com/maps?q=26.18773,91.80371&t=k"
fire_near_infrastructure|13.15904|80.28638|2026-09-16|2101|N20,fire_near_infrastructure,13.15904,80.28638,2026-09-16,2101,N20,N,unknown,2.77,,,5.0,refinery · OSM,unnamed,1453.0,,1.0,2026-09-16,,,"https://www.google.com/maps?q=13.15904,80.28638&t=k"
fire_near_infrastructure|21.77009|84.01540|2026-09-16|2059|N20,fire_near_infrastructure,21.77009,84.0154,2026-09-16,2059,N20,N,industrial,1.64,,,14.0,power plant (coal) · OSM,Rengali Bhushan Power Plant,57.0,,1.0,2026-09-16,,,"https://www.google.com/maps?q=21.77009,84.0154&t=k"
industrial_anomaly|16.87278|80.02107|2026-09-16|2042|N,industrial_anomaly,16.87278,80.02107,2026-09-16,2042,N,N,industrial,3.75,0.81,4.63,36.0,OSM industrial=yes,,0.0,,3.0,2026-08-21,,,"https://www.google.com/maps?q=16.87278,80.02107&t=k"
industrial_anomaly|21.10314|72.63384|2026-09-16|2042|N,industrial_anomaly,21.10314,72.63384,2026-09-16,2042,N,N,industrial,19.9,5.79,3.44,257.0,OSM industrial=yes,,0.0,,41.0,2026-06-18,,,"https://www.google.com/maps?q=21.10314,72.63384&t=k"
industrial_anomaly|15.02116|78.01511|2026-09-16|2006|N21,industrial_anomaly,15.02116,78.01511,2026-09-16,2006,N21,N,industrial,5.9,1.56,3.78,97.0,OSM industrial=yes,,0.0,,20.0,2026-06-19,,,"https://www.google.com/maps?q=15.02116,78.01511&t=k"
industrial_anomaly|15.17888|77.10246|2026-09-16|2006|N21,industrial_anomaly,15.17888,77.10246,2026-09-16,2006,N21,N,industrial,4.07,1.63,2.5,196.0,OSM industrial=yes,,0.0,,25.0,2026-06-20,,,"https://www.google.com/maps?q=15.17888,77.10246&t=k"
industrial_anomaly|16.86980|80.02036|2026-09-16|2006|N21,industrial_anomaly,16.8698,80.02036,2026-09-16,2006,N21,N,industrial,3.54,1.11,3.19,21.0,OSM industrial=yes,,0.0,,3.0,2026-09-03,,,"https://www.google.com/maps?q=16.8698,80.02036&t=k"
fire_near_infrastructure|17.15944|77.29334|2026-09-16|2006|N21,fire_near_infrastructure,17.15944,77.29334,2026-09-16,2006,N21,N,industrial,1.26,,,,power plant (coal) · OSM,unnamed,410.0,,1.0,2026-09-16,,,"https://www.google.com/maps?q=17.15944,77.29334&t=k"
industrial_anomaly|21.71354|84.04081|2026-09-16|2004|N21,industrial_anomaly,21.71354,84.04081,2026-09-16,2004,N21,N,industrial,2.17,0.82,2.65,66.0,OSM industrial=yes,,0.0,,2.0,2026-09-13,,,"https://www.google.com/maps?q=21.71354,84.04081&t=k"
industrial_anomaly|21.85850|83.96804|2026-09-16|2004|N21,industrial_anomaly,21.8585,83.96804,2026-09-16,2004,N21,N,industrial,3.51,1.47,2.39,173.0,OSM industrial=yes,,0.0,,9.0,2026-06-24,,,"https://www.google.com/maps?q=21.8585,83.96804&t=k"
fire_near_infrastructure|22.20806|84.87124|2026-09-16|2004|N21,fire_near_infrastructure,22.20806,84.87124,2026-09-16,2004,N21,N,unknown,1.92,,,37.0,power plant (coal) · OSM,Rourkela Works II Power Plant,1294.0,,1.0,2026-09-16,,,"https://www.google.com/maps?q=22.20806,84.87124&t=k"
fire_near_infrastructure|22.20597|84.86311|2026-09-16|2004|N21,fire_near_infrastructure,22.20597,84.86311,2026-09-16,2004,N21,N,unknown,2.93,,,9.0,power plant (coal) · OSM,Rourkela Works II Power Plant,1906.0,,1.0,2026-09-16,,,"https://www.google.com/maps?q=22.20597,84.86311&t=k"
fire_near_infrastructure|20.89134|84.97982|2026-09-16|1919|N20,fire_near_infrastructure,20.89134,84.97982,2026-09-16,1919,N20,N,unknown,1.13,,,19.0,power plant (coal) · OSM,Angul Steel Power Plant,932.0,,1.0,2026-09-16,,,"https://www.google.com/maps?q=20.89134,84.97982&t=k"
fire_near_infrastructure|20.88736|84.97774|2026-09-16|1919|N20,fire_near_infrastructure,20.88736,84.97774,2026-09-16,1919,N20,N,industrial,1.69,,,21.0,power plant (coal) · OSM,Angul Steel Power Plant,1154.0,,1.0,2026-09-16,,,"https://www.google.com/maps?q=20.88736,84.97774&t=k"
fire_near_infrastructure|22.00819|82.66542|2026-09-16|1919|N20,fire_near_infrastructure,22.00819,82.66542,2026-09-16,1919,N20,N,industrial,2.32,,,9.0,power plant (coal) · OSM,Prakash Champa Captive Power Station,1251.0,,1.0,2026-09-16,,,"https://www.google.com/maps?q=22.00819,82.66542&t=k"
fire_near_infrastructure|20.94222|86.05765|2026-09-16|1919|N20,fire_near_infrastructure,20.94222,86.05765,2026-09-16,1919,N20,N,industrial,1.53,,,26.0,power plant (coal) · OSM,Duburi Steel Power Plant,1690.0,,1.0,2026-09-16,,,"https://www.google.com/maps?q=20.94222,86.05765&t=k"
industrial_anomaly|15.17500|76.65633|2026-09-16|0830|N20,industrial_anomaly,15.175,76.65633,2026-09-16,0830,N20,D,industrial,11.3,4.13,2.74,58.0,OSM industrial=steel_mill,,0.0,,41.0,2026-06-19,,,"https://www.google.com/maps?q=15.175,76.65633&t=k"
fire_near_infrastructure|16.32950|77.34757|2026-09-16|0830|N20,fire_near_infrastructure,16.3295,77.34757,2026-09-16,0830,N20,D,unknown,9.66,,,,power plant (coal) · OSM,Raichur Thermal Power Station,1897.0,,1.0,2026-09-16,,,"https://www.google.com/maps?q=16.3295,77.34757&t=k"
fire_near_infrastructure|16.32977|77.35065|2026-09-16|0830|N20,fire_near_infrastructure,16.32977,77.35065,2026-09-16,0830,N20,D,unknown,7.5,,,,power plant (coal) · OSM,Raichur Thermal Power Station,1947.0,,1.0,2026-09-16,,,"https://www.google.com/maps?q=16.32977,77.35065&t=k"
fire_near_infrastructure|8.93097|78.16671|2026-09-16|0828|N20,fire_near_infrastructure,8.93097,78.16671,2026-09-16,0828,N20,D,unknown,7.34,,,,power plant (coal) · OSM,Mutiara Thermal Power Plant,1148.0,,1.0,2026-09-16,,,"https://www.google.com/maps?q=8.93097,78.16671&t=k"
industrial_anomaly|22.78692|86.20747|2026-09-16|0811|N,industrial_anomaly,22.78692,86.20747,2026-09-16,0811,N,D,industrial,11.78,5.32,2.22,48.0,OSM industrial=yes,,0.0,,11.0,2026-06-19,,,"https://www.google.com/maps?q=22.78692,86.20747&t=k"
fire_near_infrastructure|16.71376|79.56265|2026-09-16|0809|N,fire_near_infrastructure,16.71376,79.56265,2026-09-16,0809,N,D,industrial,5.28,,,,power plant (coal) · OSM,Yadadri Thermal Power Plant,0.0,,1.0,2026-09-16,,,"https://www.google.com/maps?q=16.71376,79.56265&t=k"
large_fire_event|2026-09-16|6482|24626,large_fire_event,22.03994,83.72861,2026-09-16,,,,wildfire,20.2,,,,,,,,,,12.0,wildfire,"https://www.google.com/maps?q=22.03994,83.72861&t=k"
fire_near_infrastructure|22.33068|69.75075|2026-09-15|2121|N20,fire_near_infrastructure,22.33068,69.75075,2026-09-15,2121,N20,N,industrial,1.32,,,26.0,power plant (coal;gas) · OSM,Vadinar Power Plant,1126.0,,1.0,2026-09-15,,,"https://www.google.com/maps?q=22.33068,69.75075&t=k"
fire_near_infrastructure|18.88025|72.97102|2026-09-15|2059|N,fire_near_infrastructure,18.88025,72.97102,2026-09-15,2059,N,N,industrial,0.93,,,,power plant (gas) · OSM,Uran,0.0,,1.0,2026-09-15,,,"https://www.google.com/maps?q=18.88025,72.97102&t=k"
fire_near_infrastructure|21.82372|73.11503|2026-09-15|2059|N,fire_near_infrastructure,21.82372,73.11503,2026-09-15,2059,N,N,industrial,1.1,,,,power plant (gas) · OSM,NTPC Jhanor-Gandhar,0.0,,1.0,2026-09-15,,,"https://www.google.com/maps?q=21.82372,73.11503&t=k"
fire_near_infrastructure|22.13605|85.38396|2026-09-15|2057|N,fire_near_infrastructure,22.13605,85.38396,2026-09-15,2057,N,N,unknown,0.93,,,,power plant (coal) · OSM,unnamed,11.0,,1.0,2026-09-15,,,"https://www.google.com/maps?q=22.13605,85.38396&t=k"
fire_near_infrastructure|19.92868|79.12089|2026-09-15|2023|N21,fire_near_infrastructure,19.92868,79.12089,2026-09-15,2023,N21,N,industrial,1.58,,,69.0,power plant (coal) · OSM,unnamed,0.0,,1.0,2026-09-15,,,"https://www.google.com/maps?q=19.92868,79.12089&t=k"
fire_near_infrastructure|18.88241|72.96909|2026-09-15|2023|N21,fire_near_infrastructure,18.88241,72.96909,2026-09-15,2023,N21,N,industrial,0.8,,,,power plant (gas) · OSM,Uran,0.0,,1.0,2026-09-15,,,"https://www.google.com/maps?q=18.88241,72.96909&t=k"
industrial_anomaly|24.44825|83.04061|2026-09-15|2021|N21,industrial_anomaly,24.44825,83.04061,2026-09-15,2021,N21,N,industrial,2.58,0.9,2.87,44.0,coal mine (osm),,122663.0,,1.0,2026-09-15,,,"https://www.google.com/maps?q=24.44825,83.04061&t=k"
fire_near_infrastructure|26.62822|79.52846|2026-09-15|2021|N21,fire_near_infrastructure,26.62822,79.52846,2026-09-15,2021,N21,N,industrial,1.99,,,,power plant (gas) · OSM,Auraiya Thermal Power Station,0.0,,1.0,2026-09-15,,,"https://www.google.com/maps?q=26.62822,79.52846&t=k"
fire_near_infrastructure|22.13202|85.38171|2026-09-15|2021|N21,fire_near_infrastructure,22.13202,85.38171,2026-09-15,2021,N21,N,industrial,1.02,,,42.0,power plant (coal) · OSM,unnamed,44.0,,1.0,2026-09-15,,,"https://www.google.com/maps?q=22.13202,85.38171&t=k"
fire_near_infrastructure|22.21089|84.85773|2026-09-15|2021|N21,fire_near_infrastructure,22.21089,84.85773,2026-09-15,2021,N21,N,unknown,1.39,,,26.0,power plant (coal) · OSM,Rourkela Works II Power Plant,1999.0,,1.0,2026-09-15,,,"https://www.google.com/maps?q=22.21089,84.85773&t=k"
industrial_anomaly|22.35838|87.28748|2026-09-15|1938|N20,industrial_anomaly,22.35838,87.28748,2026-09-15,1938,N20,N,industrial,4.44,1.29,3.44,159.0,OSM industrial=yes,,0.0,,13.0,2026-06-20,,,"https://www.google.com/maps?q=22.35838,87.28748&t=k"
fire_near_infrastructure|26.18587|91.81001|2026-09-15|0756|N21,fire_near_infrastructure,26.18587,91.81001,2026-09-15,0756,N21,D,industrial,6.4,,,,refinery · OSM,Guwahati Refinery,0.0,,1.0,2026-09-15,,,"https://www.google.com/maps?q=26.18587,91.81001&t=k"
industrial_anomaly|23.68025|86.09666|2026-09-15|0709|N20,industrial_anomaly,23.68025,86.09666,2026-09-15,0709,N20,D,industrial,9.88,4.08,2.42,24.0,OSM industrial=yes,,0.0,,10.0,2026-07-02,,,"https://www.google.com/maps?q=23.68025,86.09666&t=k"
fire_near_infrastructure|26.18641|91.80682|2026-09-15|0709|N20,fire_near_infrastructure,26.18641,91.80682,2026-09-15,0709,N20,D,industrial,3.99,,,,refinery · OSM,Guwahati Refinery,0.0,,1.0,2026-09-15,,,"https://www.google.com/maps?q=26.18641,91.80682&t=k"
fire_near_infrastructure|26.18697|91.81071|2026-09-15|0709|N20,fire_near_infrastructure,26.18697,91.81071,2026-09-15,0709,N20,D,industrial,3.37,,,,refinery · OSM,Guwahati Refinery,0.0,,1.0,2026-09-15,,,"https://www.google.com/maps?q=26.18697,91.81071&t=k"
industrial_anomaly|14.58639|78.58140|2026-09-14|2044|N21,industrial_anomaly,14.58639,78.5814,2026-09-14,2044,N21,N,industrial,4.38,0.78,5.65,16.0,OSM industrial=yes,,0.0,,4.0,2026-06-16,,,"https://www.google.com/maps?q=14.58639,78.5814&t=k"
industrial_anomaly|15.02336|78.01554|2026-09-14|2044|N21,industrial_anomaly,15.02336,78.01554,2026-09-14,2044,N21,N,industrial,5.57,1.5,3.71,112.0,OSM industrial=yes,,0.0,,19.0,2026-06-16,,,"https://www.google.com/maps?q=15.02336,78.01554&t=k"
fire_near_infrastructure|15.17581|76.67496|2026-09-14|2044|N21,fire_near_infrastructure,15.17581,76.67496,2026-09-14,2044,N21,N,industrial,2.24,,,15.0,power plant (coal) · OSM,Vijayanagar Toranagallu Power Station,1060.0,,1.0,2026-09-14,,,"https://www.google.com/maps?q=15.17581,76.67496&t=k"
fire_near_infrastructure|17.60021|83.18509|2026-09-14|2042|N21,fire_near_infrastructure,17.60021,83.18509,2026-09-14,2042,N21,N,industrial,1.35,,,39.0,power plant (coal) · OSM,unnamed,635.0,,1.0,2026-09-14,,,"https://www.google.com/maps?q=17.60021,83.18509&t=k"
industrial_anomaly|23.78641|85.55241|2026-09-14|2040|N21,industrial_anomaly,23.78641,85.55241,2026-09-14,2040,N21,N,industrial,3.09,1.27,2.44,130.0,coal mine (osm),,384.0,,16.0,2026-06-20,,,"https://www.google.com/maps?q=23.78641,85.55241&t=k"
industrial_anomaly|24.52919|81.16770|2026-09-14|2040|N21,industrial_anomaly,24.52919,81.1677,2026-09-14,2040,N21,N,industrial,3.08,0.9,3.42,63.0,OSM industrial=yes,,0.0,,6.0,2026-06-19,,,"https://www.google.com/maps?q=24.52919,81.1677&t=k"
industrial_anomaly|30.26491|75.17178|2026-09-14|2040|N21,industrial_anomaly,30.26491,75.17178,2026-09-14,2040,N21,N,industrial,1.14,0.69,1.65,5.0,OSM industrial=yes,,0.0,,1.0,2026-09-14,,,"https://www.google.com/maps?q=30.26491,75.17178&t=k"
fire_near_infrastructure|30.26491|75.17178|2026-09-14|2040|N21,fire_near_infrastructure,30.26491,75.17178,2026-09-14,2040,N21,N,industrial,1.14,,,5.0,power plant (coal) · OSM,Guru Hargobind Thermal Plant,0.0,,1.0,2026-09-14,,,"https://www.google.com/maps?q=30.26491,75.17178&t=k"
fire_near_infrastructure|26.70178|77.85071|2026-09-14|2040|N21,fire_near_infrastructure,26.70178,77.85071,2026-09-14,2040,N21,N,industrial,2.59,,,,power plant (gas) · OSM,Dholpur Combined Power Station,0.0,,1.0,2026-09-14,,,"https://www.google.com/maps?q=26.70178,77.85071&t=k"
fire_near_infrastructure|20.89870|84.98262|2026-09-14|1957|N20,fire_near_infrastructure,20.8987,84.98262,2026-09-14,1957,N20,N,unknown,1.12,,,9.0,power plant (coal) · OSM,Angul Steel Power Plant,707.0,,1.0,2026-09-14,,,"https://www.google.com/maps?q=20.8987,84.98262&t=k"
fire_near_infrastructure|17.60141|83.18453|2026-09-14|1957|N20,fire_near_infrastructure,17.60141,83.18453,2026-09-14,1957,N20,N,industrial,4.94,,,39.0,power plant (coal) · OSM,unnamed,746.0,,1.0,2026-09-14,,,"https://www.google.com/maps?q=17.60141,83.18453&t=k"
fire_near_infrastructure|17.60016|83.18559|2026-09-14|1938|N,fire_near_infrastructure,17.60016,83.18559,2026-09-14,1938,N,N,industrial,0.8,,,39.0,power plant (coal) · OSM,unnamed,585.0,,1.0,2026-09-14,,,"https://www.google.com/maps?q=17.60016,83.18559&t=k"
fire_near_infrastructure|17.59897|83.18446|2026-09-14|1938|N,fire_near_infrastructure,17.59897,83.18446,2026-09-14,1938,N,N,industrial,0.95,,,41.0,power plant (coal) · OSM,unnamed,648.0,,1.0,2026-09-14,,,"https://www.google.com/maps?q=17.59897,83.18446&t=k"
fire_near_infrastructure|21.76111|84.01883|2026-09-14|1938|N,fire_near_infrastructure,21.76111,84.01883,2026-09-14,1938,N,N,industrial,1.34,,,32.0,power plant (coal) · OSM,Rengali Bhushan Power Plant,826.0,,1.0,2026-09-14,,,"https://www.google.com/maps?q=21.76111,84.01883&t=k"
fire_near_infrastructure|17.60055|83.18222|2026-09-14|1938|N,fire_near_infrastructure,17.60055,83.18222,2026-09-14,1938,N,N,industrial,2.19,,,28.0,power plant (coal) · OSM,unnamed,924.0,,1.0,2026-09-14,,,"https://www.google.com/maps?q=17.60055,83.18222&t=k"
fire_near_infrastructure|17.59933|83.18109|2026-09-14|1938|N,fire_near_infrastructure,17.59933,83.18109,2026-09-14,1938,N,N,industrial,1.89,,,34.0,power plant (coal) · OSM,unnamed,1001.0,,1.0,2026-09-14,,,"https://www.google.com/maps?q=17.59933,83.18109&t=k"
industrial_anomaly|23.68156|86.09003|2026-09-14|1900|N21,industrial_anomaly,23.68156,86.09003,2026-09-14,1900,N21,N,industrial,7.31,2.33,3.14,148.0,OSM industrial=yes,,0.0,,15.0,2026-06-20,,,"https://www.google.com/maps?q=23.68156,86.09003&t=k"
industrial_anomaly|23.68948|87.11942|2026-09-14|1900|N21,industrial_anomaly,23.68948,87.11942,2026-09-14,1900,N21,N,industrial,4.44,1.75,2.54,106.0,OSM industrial=yes,,0.0,,10.0,2026-06-19,,,"https://www.google.com/maps?q=23.68948,87.11942&t=k"
industrial_anomaly|23.76261|86.39895|2026-09-14|1900|N21,industrial_anomaly,23.76261,86.39895,2026-09-14,1900,N21,N,industrial,8.08,2.43,3.33,131.0,coal mine (osm),,865.0,,9.0,2026-06-16,,,"https://www.google.com/maps?q=23.76261,86.39895&t=k"
fire_near_infrastructure|17.60015|83.18274|2026-09-14|0811|N21,fire_near_infrastructure,17.60015,83.18274,2026-09-14,0811,N21,D,industrial,5.62,,,15.0,power plant (coal) · OSM,unnamed,858.0,,1.0,2026-09-14,,,"https://www.google.com/maps?q=17.60015,83.18274&t=k"
fire_near_infrastructure|17.60026|83.18597|2026-09-14|0729|N20,fire_near_infrastructure,17.60026,83.18597,2026-09-14,0729,N20,D,industrial,8.15,,,15.0,power plant (coal) · OSM,unnamed,555.0,,1.0,2026-09-14,,,"https://www.google.com/maps?q=17.60026,83.18597&t=k"
fire_near_infrastructure|17.59830|83.18493|2026-09-14|0707|N,fire_near_infrastructure,17.5983,83.18493,2026-09-14,0707,N,D,industrial,6.76,,,22.0,power plant (coal) · OSM,unnamed,585.0,,1.0,2026-09-14,,,"https://www.google.com/maps?q=17.5983,83.18493&t=k"
fire_near_infrastructure|17.60156|83.18497|2026-09-14|0707|N,fire_near_infrastructure,17.60156,83.18497,2026-09-14,0707,N,D,industrial,7.07,,,15.0,power plant (coal) · OSM,unnamed,712.0,,1.0,2026-09-14,,,"https://www.google.com/maps?q=17.60156,83.18497&t=k"
large_fire_event|2026-09-14|6976|25420,large_fire_event,23.71874,86.42824,2026-09-14,,,,wildfire,24.9,,,,,,,,,,12.0,wildfire,"https://www.google.com/maps?q=23.71874,86.42824&t=k"
large_fire_event|2026-09-14|6480|24629,large_fire_event,22.03248,83.7371,2026-09-14,,,,wildfire,17.6,,,,,,,,,,11.0,wildfire,"https://www.google.com/maps?q=22.03248,83.7371&t=k"
fire_near_infrastructure|17.59694|83.19299|2026-09-13|2019|N20,fire_near_infrastructure,17.59694,83.19299,2026-09-13,2019,N20,N,industrial,0.61,,,,power plant (coal) · OSM,unnamed,38.0,,1.0,2026-09-13,,,"https://www.google.com/maps?q=17.59694,83.19299&t=k"
industrial_anomaly|23.56064|87.24101|2026-09-13|2017|N20,industrial_anomaly,23.56064,87.24101,2026-09-13,2017,N20,N,industrial,6.52,1.94,3.36,107.0,OSM industrial=yes,,0.0,,13.0,2026-06-19,,,"https://www.google.com/maps?q=23.56064,87.24101&t=k"
industrial_anomaly|23.56012|87.23943|2026-09-13|1955|N,industrial_anomaly,23.56012,87.23943,2026-09-13,1955,N,N,industrial,8.92,2.55,3.49,222.0,OSM industrial=yes,,0.0,,35.0,2026-06-15,,,"https://www.google.com/maps?q=23.56012,87.23943&t=k"
industrial_anomaly|21.17741|81.38749|2026-09-13|1919|N21,industrial_anomaly,21.17741,81.38749,2026-09-13,1919,N21,N,industrial,5.16,1.85,2.79,97.0,OSM industrial=steelmaking,,0.0,,9.0,2026-06-26,,,"https://www.google.com/maps?q=21.17741,81.38749&t=k"
industrial_anomaly|21.17997|81.38425|2026-09-13|1919|N21,industrial_anomaly,21.17997,81.38425,2026-09-13,1919,N21,N,industrial,5.58,1.85,3.02,97.0,OSM industrial=yes,,0.0,,9.0,2026-06-26,,,"https://www.google.com/maps?q=21.17997,81.38425&t=k"
fire_near_infrastructure|26.58274|93.77743|2026-09-13|1917|N21,fire_near_infrastructure,26.58274,93.77743,2026-09-13,1917,N21,N,industrial,0.46,,,,refinery · OSM,Numaligarh Refinery,0.0,,1.0,2026-09-13,,,"https://www.google.com/maps?q=26.58274,93.77743&t=k"
industrial_anomaly|20.86423|84.98683|2026-09-12|2034|N20,industrial_anomaly,20.86423,84.98683,2026-09-12,2034,N20,N,industrial,4.35,1.66,2.62,88.0,OSM industrial=yes,,0.0,,12.0,2026-06-17,,,"https://www.google.com/maps?q=20.86423,84.98683&t=k"
fire_near_infrastructure|23.48210|87.35466|2026-09-12|2034|N20,fire_near_infrastructure,23.4821,87.35466,2026-09-12,2034,N20,N,industrial,0.25,,,31.0,power plant (coal) · OSM,unnamed,327.0,,1.0,2026-09-12,,,"https://www.google.com/maps?q=23.4821,87.35466&t=k"
fire_near_infrastructure|21.76455|84.02598|2026-09-12|2034|N20,fire_near_infrastructure,21.76455,84.02598,2026-09-12,2034,N20,N,industrial,2.81,,,18.0,power plant (coal) · OSM,Rengali Bhushan Power Plant,759.0,,1.0,2026-09-12,,,"https://www.google.com/maps?q=21.76455,84.02598&t=k"
industrial_anomaly|14.58845|78.57951|2026-09-12|2019|N,industrial_anomaly,14.58845,78.57951,2026-09-12,2019,N,N,industrial,9.62,1.12,8.59,19.0,OSM industrial=yes,,0.0,,5.0,2026-06-16,,,"https://www.google.com/maps?q=14.58845,78.57951&t=k"
industrial_anomaly|14.58824|78.58073|2026-09-12|1940|N21,industrial_anomaly,14.58824,78.58073,2026-09-12,1940,N21,N,industrial,4.13,1.12,3.69,19.0,OSM industrial=yes,,0.0,,5.0,2026-06-16,,,"https://www.google.com/maps?q=14.58824,78.58073&t=k"
industrial_anomaly|21.00215|86.02635|2026-09-12|1940|N21,industrial_anomaly,21.00215,86.02635,2026-09-12,1940,N21,N,industrial,3.11,1.3,2.39,157.0,OSM industrial=yes,,0.0,,14.0,2026-06-15,,,"https://www.google.com/maps?q=21.00215,86.02635&t=k"
industrial_anomaly|22.31256|84.76579|2026-09-12|1938|N21,industrial_anomaly,22.31256,84.76579,2026-09-12,1938,N21,N,industrial,1.74,0.7,2.47,26.0,OSM industrial=yes,,0.0,,1.0,2026-09-12,,,"https://www.google.com/maps?q=22.31256,84.76579&t=k"
industrial_anomaly|22.87329|88.21279|2026-09-12|1938|N21,industrial_anomaly,22.87329,88.21279,2026-09-12,1938,N21,N,industrial,2.4,0.84,2.86,48.0,OSM industrial=factory,,0.0,,6.0,2026-07-28,,,"https://www.google.com/maps?q=22.87329,88.21279&t=k"
industrial_anomaly|23.55564|87.23958|2026-09-12|1938|N21,industrial_anomaly,23.55564,87.23958,2026-09-12,1938,N21,N,industrial,6.35,1.99,3.19,172.0,OSM industrial=yes,,0.0,,12.0,2026-06-25,,,"https://www.google.com/maps?q=23.55564,87.23958&t=k"
fire_near_infrastructure|25.43429|86.08202|2026-09-12|1938|N21,fire_near_infrastructure,25.43429,86.08202,2026-09-12,1938,N21,N,unknown,1.82,,,,refinery · OSM,Barauni Oil Refinery,1077.0,,1.0,2026-09-12,,,"https://www.google.com/maps?q=25.43429,86.08202&t=k"
fire_near_infrastructure|25.43283|86.08572|2026-09-12|1938|N21,fire_near_infrastructure,25.43283,86.08572,2026-09-12,1938,N21,N,unknown,1.25,,,,refinery · OSM,Barauni Oil Refinery,1454.0,,1.0,2026-09-12,,,"https://www.google.com/maps?q=25.43283,86.08572&t=k"
fire_near_infrastructure|30.26534|75.17442|2026-09-12|0807|N20,fire_near_infrastructure,30.26534,75.17442,2026-09-12,0807,N20,D,industrial,5.51,,,,power plant (coal) · OSM,Guru Hargobind Thermal Plant,0.0,,1.0,2026-09-12,,,"https://www.google.com/maps?q=30.26534,75.17442&t=k"
large_fire_event|2026-09-12|6971|25417,large_fire_event,23.70162,86.41694,2026-09-12,,,,wildfire,21.0,,,,,,,,,,11.0,wildfire,"https://www.google.com/maps?q=23.70162,86.41694&t=k"
fire_near_infrastructure|21.16448|72.67401|2026-09-11|2138|N21,fire_near_infrastructure,21.16448,72.67401,2026-09-11,2138,N21,N,industrial,7.51,,,,power plant (gas) · OSM,Kawas Thermal Power Station,784.0,,1.0,2026-09-11,,,"https://www.google.com/maps?q=21.16448,72.67401&t=k"
fire_near_infrastructure|15.17931|76.65862|2026-09-11|2055|N20,fire_near_infrastructure,15.17931,76.65862,2026-09-11,2055,N20,N,industrial,1.03,,,,power plant (coal) · OSM,Vijayanagar Toranagallu Power Station,310.0,,1.0,2026-09-11,,,"https://www.google.com/maps?q=15.17931,76.65862&t=k"
fire_near_infrastructure|30.26803|75.17167|2026-09-11|2051|N20,fire_near_infrastructure,30.26803,75.17167,2026-09-11,2051,N20,N,industrial,0.66,,,,power plant (coal) · OSM,Guru Hargobind Thermal Plant,0.0,,1.0,2026-09-11,,,"https://www.google.com/maps?q=30.26803,75.17167&t=k"
fire_near_infrastructure|23.70125|86.07622|2026-09-11|2034|N,fire_near_infrastructure,23.70125,86.07622,2026-09-11,2034,N,N,unknown,2.97,,,5.0,power plant (coal) · OSM,Bokaro Works Power Plant,1787.0,,1.0,2026-09-11,,,"https://www.google.com/maps?q=23.70125,86.07622&t=k"
fire_near_infrastructure|19.02263|72.88951|2026-09-11|1957|N21,fire_near_infrastructure,19.02263,72.88951,2026-09-11,1957,N21,N,unknown,1.35,,,,refinery · OSM,Mumbai Refinery Mahul,65.0,,1.0,2026-09-11,,,"https://www.google.com/maps?q=19.02263,72.88951&t=k"
fire_near_infrastructure|22.20574|84.86871|2026-09-11|1957|N21,fire_near_infrastructure,22.20574,84.86871,2026-09-11,1957,N21,N,unknown,2.16,,,21.0,power plant (coal) · OSM,Rourkela Works II Power Plant,1622.0,,1.0,2026-09-11,,,"https://www.google.com/maps?q=22.20574,84.86871&t=k"
industrial_anomaly|29.47522|76.85872|2026-09-10|2110|N20,industrial_anomaly,29.47522,76.85872,2026-09-10,2110,N20,N,industrial,2.81,0.9,3.1,10.0,OSM industrial=refinery,,0.0,,9.0,2026-07-29,,,"https://www.google.com/maps?q=29.47522,76.85872&t=k"
industrial_anomaly|21.10231|72.63628|2026-09-10|0843|N20,industrial_anomaly,21.10231,72.63628,2026-09-10,0843,N20,D,industrial,36.95,9.74,3.79,207.0,OSM industrial=yes,,0.0,,39.0,2026-06-12,,,"https://www.google.com/maps?q=21.10231,72.63628&t=k"
fire_near_infrastructure|18.86210|76.51934|2026-09-10|0824|N,fire_near_infrastructure,18.8621,76.51934,2026-09-10,0824,N,D,unknown,4.65,,,,power plant (coal) · OSM,Parli Thermal Power Station,212.0,,1.0,2026-09-10,,,"https://www.google.com/maps?q=18.8621,76.51934&t=k"
fire_near_infrastructure|18.86072|76.52007|2026-09-10|0824|N,fire_near_infrastructure,18.86072,76.52007,2026-09-10,0824,N,D,unknown,4.29,,,,power plant (coal) · OSM,Parli Thermal Power Station,215.0,,1.0,2026-09-10,,,"https://www.google.com/maps?q=18.86072,76.52007&t=k"
fire_near_infrastructure|19.92554|79.11815|2026-09-10|0748|N21,fire_near_infrastructure,19.92554,79.11815,2026-09-10,0748,N21,D,industrial,8.46,,,,power plant (coal) · OSM,unnamed,0.0,,1.0,2026-09-10,,,"https://www.google.com/maps?q=19.92554,79.11815&t=k"
fire_near_infrastructure|12.98743|74.85194|2026-09-09|2133|N20,fire_near_infrastructure,12.98743,74.85194,2026-09-09,2133,N20,N,industrial,5.75,,,,refinery · OSM,MRPL,0.0,,1.0,2026-09-09,,,"https://www.google.com/maps?q=12.98743,74.85194&t=k"
fire_near_infrastructure|12.98642|74.85329|2026-09-09|2133|N20,fire_near_infrastructure,12.98642,74.85329,2026-09-09,2133,N20,N,unknown,4.91,,,,refinery · OSM,MRPL,18.0,,1.0,2026-09-09,,,"https://www.google.com/maps?q=12.98642,74.85329&t=k"
fire_near_infrastructure|22.33153|69.74809|2026-09-09|2131|N20,fire_near_infrastructure,22.33153,69.74809,2026-09-09,2131,N20,N,industrial,1.91,,,21.0,power plant (coal;gas) · OSM,Vadinar Power Plant,951.0,,1.0,2026-09-09,,,"https://www.google.com/maps?q=22.33153,69.74809&t=k"
industrial_anomaly|12.98521|74.85059|2026-09-09|2114|N,industrial_anomaly,12.98521,74.85059,2026-09-09,2114,N,N,gas flare,19.31,1.13,17.09,7.0,oil_gas_power_plant,,710.0,,5.0,2026-06-24,,,"https://www.google.com/maps?q=12.98521,74.85059&t=k"
fire_near_infrastructure|12.98266|74.85311|2026-09-09|2114|N,fire_near_infrastructure,12.98266,74.85311,2026-09-09,2114,N,N,industrial,17.03,,,,refinery · OSM,MRPL,0.0,,1.0,2026-09-09,,,"https://www.google.com/maps?q=12.98266,74.85311&t=k"
fire_near_infrastructure|12.98732|74.85390|2026-09-09|2114|N,fire_near_infrastructure,12.98732,74.8539,2026-09-09,2114,N,N,unknown,2.71,,,,refinery · OSM,MRPL,60.0,,1.0,2026-09-09,,,"https://www.google.com/maps?q=12.98732,74.8539&t=k"
fire_near_infrastructure|12.97965|74.85469|2026-09-09|2114|N,fire_near_infrastructure,12.97965,74.85469,2026-09-09,2114,N,N,unknown,3.13,,,,refinery · OSM,MRPL,165.0,,1.0,2026-09-09,,,"https://www.google.com/maps?q=12.97965,74.85469&t=k"
fire_near_infrastructure|12.98171|74.85807|2026-09-09|2114|N,fire_near_infrastructure,12.98171,74.85807,2026-09-09,2114,N,N,industrial,3.59,,,,refinery · OSM,MRPL,314.0,,1.0,2026-09-09,,,"https://www.google.com/maps?q=12.98171,74.85807&t=k"
fire_near_infrastructure|26.70200|77.84742|2026-09-09|2110|N,fire_near_infrastructure,26.702,77.84742,2026-09-09,2110,N,N,unknown,1.27,,,,power plant (gas) · OSM,Dholpur Combined Power Station,4.0,,1.0,2026-09-09,,,"https://www.google.com/maps?q=26.702,77.84742&t=k"
industrial_anomaly|14.58761|78.58028|2026-09-09|2038|N21,industrial_anomaly,14.58761,78.58028,2026-09-09,2038,N21,N,industrial,2.93,0.76,3.86,15.0,OSM industrial=yes,,0.0,,4.0,2026-06-14,,,"https://www.google.com/maps?q=14.58761,78.58028&t=k"
fire_near_infrastructure|28.79756|77.07050|2026-09-09|2034|N21,fire_near_infrastructure,28.79756,77.0705,2026-09-09,2034,N21,N,industrial,1.42,,,,power plant (gas) · OSM,Pragati-III Combined Cycle Power Plant,0.0,,1.0,2026-09-09,,,"https://www.google.com/maps?q=28.79756,77.0705&t=k"
fire_near_infrastructure|29.47817|76.84901|2026-09-09|1947|N20,fire_near_infrastructure,29.47817,76.84901,2026-09-09,1947,N20,N,unknown,2.2,,,,refinery · OSM,Panipat Refinery,763.0,,1.0,2026-09-09,,,"https://www.google.com/maps?q=29.47817,76.84901&t=k"
fire_near_infrastructure|22.89505|69.89949|2026-09-09|0843|N,fire_near_infrastructure,22.89505,69.89949,2026-09-09,0843,N,D,industrial,1.82,,,,power plant (coal) · OSM,OPG Power,0.0,,1.0,2026-09-09,,,"https://www.google.com/maps?q=22.89505,69.89949&t=k"
industrial_anomaly|18.68422|73.04059|2026-09-09|0805|N21,industrial_anomaly,18.68422,73.04059,2026-09-09,0805,N21,D,industrial,14.96,6.41,2.33,41.0,OSM industrial=yes,,0.0,,16.0,2026-06-11,,,"https://www.google.com/maps?q=18.68422,73.04059&t=k"
industrial_anomaly|16.87159|80.02135|2026-09-08|2055|N21,industrial_anomaly,16.87159,80.02135,2026-09-08,2055,N21,N,industrial,2.38,1.01,2.36,81.0,OSM industrial=yes,,0.0,,5.0,2026-08-10,,,"https://www.google.com/maps?q=16.87159,80.02135&t=k"
fire_near_infrastructure|26.70292|77.84827|2026-09-08|2055|N21,fire_near_infrastructure,26.70292,77.84827,2026-09-08,2055,N21,N,industrial,3.58,,,,power plant (gas) · OSM,Dholpur Combined Power Station,0.0,,1.0,2026-09-08,,,"https://www.google.com/maps?q=26.70292,77.84827&t=k"
fire_near_infrastructure|18.70609|72.87003|2026-09-08|2010|N20,fire_near_infrastructure,18.70609,72.87003,2026-09-08,2010,N20,N,industrial,2.65,,,,power plant (gas) · OSM,unnamed,725.0,,1.0,2026-09-08,,,"https://www.google.com/maps?q=18.70609,72.87003&t=k"
industrial_anomaly|23.55746|87.24306|2026-09-08|1949|N,industrial_anomaly,23.55746,87.24306,2026-09-08,1949,N,N,industrial,5.33,1.89,2.82,73.0,OSM industrial=yes,,0.0,,8.0,2026-06-20,,,"https://www.google.com/maps?q=23.55746,87.24306&t=k"
industrial_anomaly|23.56170|87.23910|2026-09-08|1949|N,industrial_anomaly,23.5617,87.2391,2026-09-08,1949,N,N,industrial,5.48,1.95,2.81,104.0,OSM industrial=yes,,0.0,,10.0,2026-06-14,,,"https://www.google.com/maps?q=23.5617,87.2391&t=k"
fire_near_infrastructure|21.76666|84.02632|2026-09-08|0739|N20,fire_near_infrastructure,21.76666,84.02632,2026-09-08,0739,N20,D,industrial,2.69,,,,power plant (coal) · OSM,Rengali Bhushan Power Plant,646.0,,1.0,2026-09-08,,,"https://www.google.com/maps?q=21.76666,84.02632&t=k"
large_fire_event|2026-09-08|3020|22722,large_fire_event,10.26758,77.25598,2026-09-08,,,,wildfire,74.9,,,,,,,,,,12.0,wildfire,"https://www.google.com/maps?q=10.26758,77.25598&t=k"
industrial_anomaly|29.90849|74.95123|2026-09-07|2148|N,industrial_anomaly,29.90849,74.95123,2026-09-07,2148,N,N,industrial,10.15,2.28,4.45,29.0,OSM industrial=refinery,,0.0,,6.0,2026-06-11,,,"https://www.google.com/maps?q=29.90849,74.95123&t=k"
industrial_anomaly|21.19464|81.39192|2026-09-07|2027|N20,industrial_anomaly,21.19464,81.39192,2026-09-07,2027,N20,N,industrial,3.2,1.8,1.78,36.0,OSM industrial=steelmaking,,0.0,,4.0,2026-06-10,,,"https://www.google.com/maps?q=21.19464,81.39192&t=k"
fire_near_infrastructure|19.92994|79.11945|2026-09-07|2027|N20,fire_near_infrastructure,19.92994,79.11945,2026-09-07,2027,N20,N,industrial,0.63,,,39.0,power plant (coal) · OSM,unnamed,0.0,,1.0,2026-09-07,,,"https://www.google.com/maps?q=19.92994,79.11945&t=k"
fire_near_infrastructure|21.19525|81.40897|2026-09-07|2027|N20,fire_near_infrastructure,21.19525,81.40897,2026-09-07,2027,N20,N,industrial,0.87,,,,power plant (coal) · OSM,Bhilai 500 MW Expansion Power Project,1025.0,,1.0,2026-09-07,,,"https://www.google.com/maps?q=21.19525,81.40897&t=k"
fire_near_infrastructure|20.87267|84.99441|2026-09-07|2027|N20,fire_near_infrastructure,20.87267,84.99441,2026-09-07,2027,N20,N,industrial,1.85,,,58.0,power plant (coal) · OSM,Angul Steel Power Plant,1731.0,,1.0,2026-09-07,,,"https://www.google.com/maps?q=20.87267,84.99441&t=k"
fire_near_infrastructure|20.87185|84.99863|2026-09-07|2027|N20,fire_near_infrastructure,20.87185,84.99863,2026-09-07,2027,N20,N,industrial,1.85,,,,power plant (coal) · OSM,Angul Steel Power Plant,1850.0,,1.0,2026-09-07,,,"https://www.google.com/maps?q=20.87185,84.99863&t=k"
industrial_anomaly|15.17621|77.10280|2026-09-07|2010|N,industrial_anomaly,15.17621,77.1028,2026-09-07,2010,N,N,industrial,4.86,1.62,3.0,195.0,OSM industrial=yes,,0.0,,26.0,2026-06-11,,,"https://www.google.com/maps?q=15.17621,77.1028&t=k"
fire_near_infrastructure|21.19211|81.39938|2026-09-07|2010|N,fire_near_infrastructure,21.19211,81.39938,2026-09-07,2010,N,N,industrial,0.44,,,,power plant (coal) · OSM,unnamed,1204.0,,1.0,2026-09-07,,,"https://www.google.com/maps?q=21.19211,81.39938&t=k"
industrial_anomaly|20.87126|84.99380|2026-09-07|1932|N21,industrial_anomaly,20.87126,84.9938,2026-09-07,1932,N21,N,industrial,7.29,1.96,3.72,58.0,OSM industrial=yes,,0.0,,1.0,2026-09-07,,,"https://www.google.com/maps?q=20.87126,84.9938&t=k"
fire_near_infrastructure|20.87126|84.99380|2026-09-07|1932|N21,fire_near_infrastructure,20.87126,84.9938,2026-09-07,1932,N21,N,industrial,7.29,,,58.0,power plant (coal) · OSM,Angul Steel Power Plant,1882.0,,1.0,2026-09-07,,,"https://www.google.com/maps?q=20.87126,84.9938&t=k"
fire_near_infrastructure|17.60594|83.19016|2026-09-07|0758|N20,fire_near_infrastructure,17.60594,83.19016,2026-09-07,0758,N20,D,industrial,4.36,,,,power plant (coal) · OSM,unnamed,299.0,,1.0,2026-09-07,,,"https://www.google.com/maps?q=17.60594,83.19016&t=k"
industrial_anomaly|15.17381|76.66151|2026-09-06|2051|N20,industrial_anomaly,15.17381,76.66151,2026-09-06,2051,N20,N,industrial,3.46,1.12,3.1,20.0,OSM industrial=steel_mill,,0.0,,10.0,2026-07-09,,,"https://www.google.com/maps?q=15.17381,76.66151&t=k"
industrial_anomaly|20.96565|86.00595|2026-09-06|2049|N20,industrial_anomaly,20.96565,86.00595,2026-09-06,2049,N20,N,industrial,11.28,2.74,4.12,208.0,OSM industrial=yes,,0.0,,22.0,2026-06-08,,,"https://www.google.com/maps?q=20.96565,86.00595&t=k"
industrial_anomaly|20.97046|86.01247|2026-09-06|2049|N20,industrial_anomaly,20.97046,86.01247,2026-09-06,2049,N20,N,industrial,13.14,2.52,5.21,88.0,OSM industrial=yes,,0.0,,6.0,2026-06-09,,,"https://www.google.com/maps?q=20.97046,86.01247&t=k"
fire_near_infrastructure|20.69860|78.63525|2026-09-06|2049|N20,fire_near_infrastructure,20.6986,78.63525,2026-09-06,2049,N20,N,industrial,0.94,,,42.0,power plant (coal) · OSM,unnamed,704.0,,1.0,2026-09-06,,,"https://www.google.com/maps?q=20.6986,78.63525&t=k"
industrial_anomaly|29.47528|76.85890|2026-09-06|2046|N20,industrial_anomaly,29.47528,76.8589,2026-09-06,2046,N20,N,industrial,4.54,0.9,5.02,8.0,OSM industrial=refinery,,0.0,,7.0,2026-07-29,,,"https://www.google.com/maps?q=29.47528,76.8589&t=k"
industrial_anomaly|21.18955|81.19997|2026-09-06|2027|N,industrial_anomaly,21.18955,81.19997,2026-09-06,2027,N,N,industrial,2.87,0.92,3.12,88.0,OSM industrial=yes,,0.0,,4.0,2026-06-22,,,"https://www.google.com/maps?q=21.18955,81.19997&t=k"
industrial_anomaly|29.47619|76.85919|2026-09-06|2025|N,industrial_anomaly,29.47619,76.85919,2026-09-06,2025,N,N,industrial,2.08,0.9,2.3,8.0,OSM industrial=refinery,,0.0,,7.0,2026-07-29,,,"https://www.google.com/maps?q=29.47619,76.85919&t=k"
industrial_anomaly|20.96533|86.04930|2026-09-06|1951|N21,industrial_anomaly,20.96533,86.0493,2026-09-06,1951,N21,N,industrial,4.42,1.35,3.27,133.0,OSM industrial=yes,,0.0,,8.0,2026-06-08,,,"https://www.google.com/maps?q=20.96533,86.0493&t=k"
industrial_anomaly|20.99737|86.01688|2026-09-06|1951|N21,industrial_anomaly,20.99737,86.01688,2026-09-06,1951,N21,N,industrial,3.47,1.16,2.99,49.0,OSM industrial=yes,,0.0,,3.0,2026-06-25,,,"https://www.google.com/maps?q=20.99737,86.01688&t=k"
industrial_anomaly|21.69684|84.03160|2026-09-06|1951|N21,industrial_anomaly,21.69684,84.0316,2026-09-06,1951,N21,N,industrial,2.18,0.99,2.2,7.0,OSM industrial=yes,,0.0,,1.0,2026-09-06,,,"https://www.google.com/maps?q=21.69684,84.0316&t=k"
industrial_anomaly|21.83061|84.92894|2026-09-06|1951|N21,industrial_anomaly,21.83061,84.92894,2026-09-06,1951,N21,N,industrial,1.79,0.72,2.49,45.0,OSM industrial=yes,,0.0,,1.0,2026-09-06,,,"https://www.google.com/maps?q=21.83061,84.92894&t=k"
industrial_anomaly|21.98265|83.23364|2026-09-06|1951|N21,industrial_anomaly,21.98265,83.23364,2026-09-06,1951,N21,N,industrial,3.63,1.38,2.64,42.0,OSM industrial=yes,,0.0,,3.0,2026-06-16,,,"https://www.google.com/maps?q=21.98265,83.23364&t=k"
fire_near_infrastructure|18.70239|72.87109|2026-09-06|1951|N21,fire_near_infrastructure,18.70239,72.87109,2026-09-06,1951,N21,N,industrial,2.22,,,,power plant (gas) · OSM,unnamed,312.0,,1.0,2026-09-06,,,"https://www.google.com/maps?q=18.70239,72.87109&t=k"
fire_near_infrastructure|22.31780|82.53771|2026-09-06|1951|N21,fire_near_infrastructure,22.3178,82.53771,2026-09-06,1951,N21,N,unknown,3.07,,,44.0,power plant (coal) · OSM,S V Power Private Limited Renki,1966.0,,1.0,2026-09-06,,,"https://www.google.com/maps?q=22.3178,82.53771&t=k"
fire_near_infrastructure|29.47356|76.85158|2026-09-06|1949|N21,fire_near_infrastructure,29.47356,76.85158,2026-09-06,1949,N21,N,unknown,3.15,,,,refinery · OSM,Panipat Refinery,553.0,,1.0,2026-09-06,,,"https://www.google.com/maps?q=29.47356,76.85158&t=k"
fire_near_infrastructure|20.88878|84.97369|2026-09-06|1906|N20,fire_near_infrastructure,20.88878,84.97369,2026-09-06,1906,N20,N,unknown,1.3,,,,power plant (coal) · OSM,Angul Steel Power Plant,1563.0,,1.0,2026-09-06,,,"https://www.google.com/maps?q=20.88878,84.97369&t=k"
fire_near_infrastructure|20.53382|85.91040|2026-09-06|0758|N,fire_near_infrastructure,20.53382,85.9104,2026-09-06,0758,N,D,unknown,7.0,,,6.0,power plant (coal) · OSM,Choudwar Power Plant,17.0,,1.0,2026-09-06,,,"https://www.google.com/maps?q=20.53382,85.9104&t=k"
industrial_anomaly|13.16123|80.28672|2026-09-05|2049|N,industrial_anomaly,13.16123,80.28672,2026-09-05,2049,N,N,industrial,2.49,1.17,2.13,11.0,OSM industrial=yes,,0.0,,2.0,2026-08-15,,,"https://www.google.com/maps?q=13.16123,80.28672&t=k"
industrial_anomaly|17.60913|83.20568|2026-09-05|2049|N,industrial_anomaly,17.60913,83.20568,2026-09-05,2049,N,N,industrial,6.72,2.37,2.84,198.0,OSM industrial=yes,,0.0,,31.0,2026-06-07,,,"https://www.google.com/maps?q=17.60913,83.20568&t=k"
industrial_anomaly|20.97332|86.00273|2026-09-05|2046|N,industrial_anomaly,20.97332,86.00273,2026-09-05,2046,N,N,industrial,5.04,1.44,3.5,105.0,OSM industrial=yes,,0.0,,11.0,2026-06-08,,,"https://www.google.com/maps?q=20.97332,86.00273&t=k"
industrial_anomaly|21.00243|86.02597|2026-09-05|2046|N,industrial_anomaly,21.00243,86.02597,2026-09-05,2046,N,N,industrial,3.58,1.3,2.76,156.0,OSM industrial=yes,,0.0,,16.0,2026-06-08,,,"https://www.google.com/maps?q=21.00243,86.02597&t=k"
fire_near_infrastructure|15.17135|76.38354|2026-09-05|2046|N,fire_near_infrastructure,15.17135,76.38354,2026-09-05,2046,N,N,industrial,0.76,,,9.0,power plant (coal) · OSM,Danapuram BMM Captive Power Plant 1,568.0,,1.0,2026-09-05,,,"https://www.google.com/maps?q=15.17135,76.38354&t=k"
fire_near_infrastructure|15.18671|76.64958|2026-09-05|2046|N,fire_near_infrastructure,15.18671,76.64958,2026-09-05,2046,N,N,industrial,1.58,,,,power plant (coal) · OSM,Vijayanagar Toranagallu Power Station,1058.0,,1.0,2026-09-05,,,"https://www.google.com/maps?q=15.18671,76.64958&t=k"
fire_near_infrastructure|20.79357|85.26019|2026-09-05|2046|N,fire_near_infrastructure,20.79357,85.26019,2026-09-05,2046,N,N,industrial,2.35,,,13.0,power plant (coal) · OSM,Meramandali Power Station,1232.0,,1.0,2026-09-05,,,"https://www.google.com/maps?q=20.79357,85.26019&t=k"
industrial_anomaly|17.13967|77.17435|2026-09-05|2012|N21,industrial_anomaly,17.13967,77.17435,2026-09-05,2012,N21,N,industrial,4.25,1.05,4.05,46.0,OSM industrial=yes,,0.0,,5.0,2026-06-11,,,"https://www.google.com/maps?q=17.13967,77.17435&t=k"
industrial_anomaly|17.14211|77.18413|2026-09-05|2012|N21,industrial_anomaly,17.14211,77.18413,2026-09-05,2012,N21,N,industrial,3.88,1.06,3.66,68.0,OSM industrial=yes,,0.0,,11.0,2026-06-11,,,"https://www.google.com/maps?q=17.14211,77.18413&t=k"
fire_near_infrastructure|17.69201|83.24284|2026-09-05|2012|N21,fire_near_infrastructure,17.69201,83.24284,2026-09-05,2012,N21,N,industrial,2.79,,,45.0,refinery · OSM,Hindustan Petroleum Corporation Limited,0.0,,1.0,2026-09-05,,,"https://www.google.com/maps?q=17.69201,83.24284&t=k"
fire_near_infrastructure|15.16922|76.38309|2026-09-05|2012|N21,fire_near_infrastructure,15.16922,76.38309,2026-09-05,2012,N21,N,industrial,1.93,,,9.0,power plant (coal) · OSM,Danapuram BMM Captive Power Plant 1,523.0,,1.0,2026-09-05,,,"https://www.google.com/maps?q=15.16922,76.38309&t=k"
industrial_anomaly|21.81763|83.99536|2026-09-05|2010|N21,industrial_anomaly,21.81763,83.99536,2026-09-05,2010,N21,N,industrial,3.04,1.06,2.87,28.0,OSM industrial=yes,,0.0,,3.0,2026-06-12,,,"https://www.google.com/maps?q=21.81763,83.99536&t=k"
industrial_anomaly|21.85717|83.96687|2026-09-05|2010|N21,industrial_anomaly,21.85717,83.96687,2026-09-05,2010,N21,N,industrial,3.14,1.44,2.17,168.0,OSM industrial=yes,,0.0,,8.0,2026-06-09,,,"https://www.google.com/maps?q=21.85717,83.96687&t=k"
industrial_anomaly|22.24511|87.38780|2026-09-05|2010|N21,industrial_anomaly,22.24511,87.3878,2026-09-05,2010,N21,N,industrial,5.6,1.16,4.81,86.0,OSM industrial=yes,,0.0,,10.0,2026-06-10,,,"https://www.google.com/maps?q=22.24511,87.3878&t=k"
industrial_anomaly|22.87283|88.21246|2026-09-05|2010|N21,industrial_anomaly,22.87283,88.21246,2026-09-05,2010,N21,N,industrial,2.67,0.84,3.18,47.0,OSM industrial=factory,,0.0,,5.0,2026-07-28,,,"https://www.google.com/maps?q=22.87283,88.21246&t=k"
industrial_anomaly|23.68057|86.09719|2026-09-05|2010|N21,industrial_anomaly,23.68057,86.09719,2026-09-05,2010,N21,N,industrial,6.99,2.03,3.44,88.0,OSM industrial=yes,,0.0,,9.0,2026-06-14,,,"https://www.google.com/maps?q=23.68057,86.09719&t=k"
industrial_anomaly|23.68136|86.09270|2026-09-05|2010|N21,industrial_anomaly,23.68136,86.0927,2026-09-05,2010,N21,N,industrial,8.96,2.33,3.85,146.0,OSM industrial=yes,,0.0,,16.0,2026-06-11,,,"https://www.google.com/maps?q=23.68136,86.0927&t=k"
industrial_anomaly|23.68659|87.12218|2026-09-05|2010|N21,industrial_anomaly,23.68659,87.12218,2026-09-05,2010,N21,N,industrial,5.3,2.35,2.26,223.0,OSM industrial=yes,,0.0,,28.0,2026-06-08,,,"https://www.google.com/maps?q=23.68659,87.12218&t=k"
industrial_anomaly|23.69411|87.12382|2026-09-05|2010|N21,industrial_anomaly,23.69411,87.12382,2026-09-05,2010,N21,N,industrial,4.7,1.77,2.66,139.0,OSM industrial=yes,,0.0,,9.0,2026-06-12,,,"https://www.google.com/maps?q=23.69411,87.12382&t=k"
fire_near_infrastructure|22.20814|84.86816|2026-09-05|2010|N21,fire_near_infrastructure,22.20814,84.86816,2026-09-05,2010,N21,N,unknown,2.03,,,44.0,power plant (coal) · OSM,Rourkela Works II Power Plant,1416.0,,1.0,2026-09-05,,,"https://www.google.com/maps?q=22.20814,84.86816&t=k"
fire_near_infrastructure|13.15991|80.27797|2026-09-05|1928|N20,fire_near_infrastructure,13.15991,80.27797,2026-09-05,1928,N20,N,unknown,1.59,,,,refinery · OSM,unnamed,810.0,,1.0,2026-09-05,,,"https://www.google.com/maps?q=13.15991,80.27797&t=k"
industrial_anomaly|23.55573|87.24197|2026-09-05|1925|N20,industrial_anomaly,23.55573,87.24197,2026-09-05,1925,N20,N,industrial,6.12,1.99,3.08,171.0,OSM industrial=yes,,0.0,,11.0,2026-06-25,,,"https://www.google.com/maps?q=23.55573,87.24197&t=k"
fire_near_infrastructure|17.69480|83.24045|2026-09-05|1925|N20,fire_near_infrastructure,17.6948,83.24045,2026-09-05,1925,N20,N,industrial,3.14,,,10.0,refinery · OSM,Hindustan Petroleum Corporation Limited,0.0,,1.0,2026-09-05,,,"https://www.google.com/maps?q=17.6948,83.24045&t=k"
fire_near_infrastructure|17.69332|83.24108|2026-09-05|1925|N20,fire_near_infrastructure,17.69332,83.24108,2026-09-05,1925,N20,N,industrial,2.76,,,45.0,refinery · OSM,Hindustan Petroleum Corporation Limited,0.0,,1.0,2026-09-05,,,"https://www.google.com/maps?q=17.69332,83.24108&t=k"
industrial_anomaly|23.69436|87.11919|2026-09-05|1923|N20,industrial_anomaly,23.69436,87.11919,2026-09-05,1923,N20,N,industrial,5.74,1.96,2.92,118.0,OSM industrial=yes,,0.0,,9.0,2026-06-16,,,"https://www.google.com/maps?q=23.69436,87.11919&t=k"
industrial_anomaly|23.69684|87.10555|2026-09-05|1906|N,industrial_anomaly,23.69684,87.10555,2026-09-05,1906,N,N,industrial,4.09,1.41,2.9,67.0,OSM industrial=yes,,0.0,,4.0,2026-06-16,,,"https://www.google.com/maps?q=23.69684,87.10555&t=k"
fire_near_infrastructure|23.55211|87.24216|2026-09-05|1906|N,fire_near_infrastructure,23.55211,87.24216,2026-09-05,1906,N,N,industrial,3.82,,,71.0,power plant (coal) · OSM,Durgapur SAIL power station,365.0,,1.0,2026-09-05,,,"https://www.google.com/maps?q=23.55211,87.24216&t=k"
fire_near_infrastructure|22.83100|69.52864|2026-09-05|0818|N,fire_near_infrastructure,22.831,69.52864,2026-09-05,0818,N,D,industrial,2.4,,,,power plant (coal) · OSM,Coastal Gujarat Power Ltd,0.0,,1.0,2026-09-05,,,"https://www.google.com/maps?q=22.831,69.52864&t=k"
industrial_anomaly|20.86294|84.99312|2026-09-05|0741|N21,industrial_anomaly,20.86294,84.99312,2026-09-05,0741,N21,D,industrial,9.04,4.41,2.05,22.0,OSM industrial=yes,,0.0,,15.0,2026-06-07,,,"https://www.google.com/maps?q=20.86294,84.99312&t=k"
industrial_anomaly|20.95183|86.04603|2026-09-05|0741|N21,industrial_anomaly,20.95183,86.04603,2026-09-05,0741,N21,D,industrial,11.3,4.42,2.55,108.0,OSM industrial=yes,,0.0,,24.0,2026-06-07,,,"https://www.google.com/maps?q=20.95183,86.04603&t=k"
industrial_anomaly|20.95243|86.05051|2026-09-05|0741|N21,industrial_anomaly,20.95243,86.05051,2026-09-05,0741,N21,D,industrial,12.48,4.56,2.74,103.0,OSM industrial=yes,,0.0,,15.0,2026-06-08,,,"https://www.google.com/maps?q=20.95243,86.05051&t=k"
industrial_anomaly|20.97349|86.00412|2026-09-05|0741|N21,industrial_anomaly,20.97349,86.00412,2026-09-05,0741,N21,D,industrial,7.97,4.43,1.8,5.0,OSM industrial=yes,,0.0,,11.0,2026-06-08,,,"https://www.google.com/maps?q=20.97349,86.00412&t=k"
fire_near_infrastructure|19.02186|72.89457|2026-09-04|2125|N20,fire_near_infrastructure,19.02186,72.89457,2026-09-04,2125,N20,N,industrial,4.03,,,,refinery · OSM,Mumbai Refinery Mahul,0.0,,1.0,2026-09-04,,,"https://www.google.com/maps?q=19.02186,72.89457&t=k"
industrial_anomaly|11.81028|77.91938|2026-09-04|2032|N21,industrial_anomaly,11.81028,77.91938,2026-09-04,2032,N21,N,industrial,3.31,1.48,2.24,14.0,OSM industrial=steel,,0.0,,3.0,2026-06-08,,,"https://www.google.com/maps?q=11.81028,77.91938&t=k"
industrial_anomaly|15.02215|78.01551|2026-09-04|2032|N21,industrial_anomaly,15.02215,78.01551,2026-09-04,2032,N21,N,industrial,5.41,1.56,3.47,94.0,OSM industrial=yes,,0.0,,17.0,2026-06-19,,,"https://www.google.com/maps?q=15.02215,78.01551&t=k"
industrial_anomaly|15.18351|76.66653|2026-09-04|2032|N21,industrial_anomaly,15.18351,76.66653,2026-09-04,2032,N21,N,industrial,7.62,2.78,2.74,165.0,OSM industrial=steel_mill,,0.0,,31.0,2026-06-10,,,"https://www.google.com/maps?q=15.18351,76.66653&t=k"
fire_near_infrastructure|9.97884|76.37681|2026-09-04|2032|N21,fire_near_infrastructure,9.97884,76.37681,2026-09-04,2032,N21,N,industrial,1.63,,,24.0,power plant (gas) · OSM,unnamed,1281.0,,1.0,2026-09-04,,,"https://www.google.com/maps?q=9.97884,76.37681&t=k"
industrial_anomaly|16.69608|79.64787|2026-09-04|2029|N21,industrial_anomaly,16.69608,79.64787,2026-09-04,2029,N21,N,industrial,2.3,0.75,3.07,7.0,OSM industrial=yes,,0.0,,1.0,2026-09-04,,,"https://www.google.com/maps?q=16.69608,79.64787&t=k"
industrial_anomaly|20.86384|84.99004|2026-09-04|2029|N21,industrial_anomaly,20.86384,84.99004,2026-09-04,2029,N21,N,industrial,4.5,1.71,2.63,133.0,OSM industrial=yes,,0.0,,21.0,2026-06-08,,,"https://www.google.com/maps?q=20.86384,84.99004&t=k"
fire_near_infrastructure|15.16905|76.37527|2026-09-04|1947|N20,fire_near_infrastructure,15.16905,76.37527,2026-09-04,1947,N20,N,industrial,1.53,,,6.0,power plant (coal) · OSM,Danapuram BMM Captive Power Plant 1,166.0,,1.0,2026-09-04,,,"https://www.google.com/maps?q=15.16905,76.37527&t=k"
fire_near_infrastructure|20.81025|85.25641|2026-09-04|1945|N20,fire_near_infrastructure,20.81025,85.25641,2026-09-04,1945,N20,N,industrial,1.39,,,57.0,power plant (coal) · OSM,Meramandali Power Station,199.0,,1.0,2026-09-04,,,"https://www.google.com/maps?q=20.81025,85.25641&t=k"
fire_near_infrastructure|23.68287|86.09675|2026-09-04|1945|N20,fire_near_infrastructure,23.68287,86.09675,2026-09-04,1945,N20,N,industrial,2.29,,,12.0,power plant (coal) · OSM,Bokaro Works Power Plant,254.0,,1.0,2026-09-04,,,"https://www.google.com/maps?q=23.68287,86.09675&t=k"
fire_near_infrastructure|20.52115|85.72330|2026-09-04|1945|N20,fire_near_infrastructure,20.52115,85.7233,2026-09-04,1945,N20,N,industrial,0.8,,,,power plant (coal) · OSM,Cuttack Aarti Steels Power Station,506.0,,1.0,2026-09-04,,,"https://www.google.com/maps?q=20.52115,85.7233&t=k"
fire_near_infrastructure|23.66828|86.08938|2026-09-04|1945|N20,fire_near_infrastructure,23.66828,86.08938,2026-09-04,1945,N20,N,industrial,0.7,,,21.0,power plant (coal) · OSM,Bokaro Works Power Plant,1685.0,,1.0,2026-09-04,,,"https://www.google.com/maps?q=23.66828,86.08938&t=k"
fire_near_infrastructure|13.15911|80.28068|2026-09-04|1928|N,fire_near_infrastructure,13.15911,80.28068,2026-09-04,1928,N,N,unknown,1.63,,,5.0,refinery · OSM,unnamed,1018.0,,1.0,2026-09-04,,,"https://www.google.com/maps?q=13.15911,80.28068&t=k"
large_fire_event|2026-09-04|4573|23426,large_fire_event,15.54985,79.64736,2026-09-04,,,,agricultural burning,66.6,,,,,,,,,,12.0,agricultural burning,"https://www.google.com/maps?q=15.54985,79.64736&t=k"
fire_near_infrastructure|29.47193|76.86103|2026-09-03|2142|N20,fire_near_infrastructure,29.47193,76.86103,2026-09-03,2142,N20,N,unknown,3.16,,,,refinery · OSM,Panipat Refinery,17.0,,1.0,2026-09-03,,,"https://www.google.com/maps?q=29.47193,76.86103&t=k"
fire_near_infrastructure|29.47375|76.85448|2026-09-03|2142|N20,fire_near_infrastructure,29.47375,76.85448,2026-09-03,2142,N20,N,unknown,3.16,,,,refinery · OSM,Panipat Refinery,300.0,,1.0,2026-09-03,,,"https://www.google.com/maps?q=29.47375,76.85448&t=k"
industrial_anomaly|15.19921|76.37984|2026-09-03|2125|N,industrial_anomaly,15.19921,76.37984,2026-09-03,2125,N,N,industrial,1.48,0.38,3.89,6.0,OSM industrial=yes,,0.0,,1.0,2026-09-03,,,"https://www.google.com/maps?q=15.19921,76.37984&t=k"
industrial_anomaly|25.94198|72.19152|2026-09-03|2125|N,industrial_anomaly,25.94198,72.19152,2026-09-03,2125,N,N,industrial,4.61,1.53,3.01,37.0,OSM industrial=refinery,,0.0,,31.0,2026-06-06,,,"https://www.google.com/maps?q=25.94198,72.19152&t=k"
fire_near_infrastructure|21.16286|72.67182|2026-09-03|2125|N,fire_near_infrastructure,21.16286,72.67182,2026-09-03,2125,N,N,industrial,4.97,,,,power plant (gas) · OSM,GSEG Combined Cycle Power plant,834.0,,1.0,2026-09-03,,,"https://www.google.com/maps?q=21.16286,72.67182&t=k"
fire_near_infrastructure|21.16440|72.67298|2026-09-03|2125|N,fire_near_infrastructure,21.1644,72.67298,2026-09-03,2125,N,N,industrial,4.37,,,,power plant (gas) · OSM,Kawas Thermal Power Station,888.0,,1.0,2026-09-03,,,"https://www.google.com/maps?q=21.1644,72.67298&t=k"
industrial_anomaly|22.92733|69.82601|2026-09-03|2123|N,industrial_anomaly,22.92733,69.82601,2026-09-03,2123,N,N,industrial,2.2,1.06,2.08,75.0,OSM industrial=yes,,0.0,,5.0,2026-06-21,,,"https://www.google.com/maps?q=22.92733,69.82601&t=k"
industrial_anomaly|29.47491|76.86111|2026-09-03|2123|N,industrial_anomaly,29.47491,76.86111,2026-09-03,2123,N,N,industrial,4.53,0.88,5.12,6.0,OSM industrial=refinery,,0.0,,5.0,2026-07-29,,,"https://www.google.com/maps?q=29.47491,76.86111&t=k"
industrial_anomaly|29.47790|76.85962|2026-09-03|2123|N,industrial_anomaly,29.4779,76.85962,2026-09-03,2123,N,N,industrial,5.5,1.76,3.13,6.0,OSM industrial=refinery,,0.0,,7.0,2026-06-22,,,"https://www.google.com/maps?q=29.4779,76.85962&t=k"
industrial_anomaly|31.26022|76.92496|2026-09-03|2123|N,industrial_anomaly,31.26022,76.92496,2026-09-03,2123,N,N,industrial,2.04,0.88,2.31,92.0,OSM industrial=yes,,0.0,,20.0,2026-06-05,,,"https://www.google.com/maps?q=31.26022,76.92496&t=k"
industrial_anomaly|23.68988|87.12100|2026-09-03|2049|N21,industrial_anomaly,23.68988,87.121,2026-09-03,2049,N21,N,industrial,6.27,2.34,2.67,224.0,OSM industrial=yes,,0.0,,27.0,2026-06-08,,,"https://www.google.com/maps?q=23.68988,87.121&t=k"
industrial_anomaly|23.69308|87.10843|2026-09-03|2049|N21,industrial_anomaly,23.69308,87.10843,2026-09-03,2049,N21,N,industrial,6.47,1.78,3.65,156.0,OSM industrial=yes,,0.0,,18.0,2026-06-09,,,"https://www.google.com/maps?q=23.69308,87.10843&t=k"
fire_near_infrastructure|17.69266|83.24710|2026-09-03|2049|N21,fire_near_infrastructure,17.69266,83.2471,2026-09-03,2049,N21,N,industrial,3.47,,,36.0,refinery · OSM,Hindustan Petroleum Corporation Limited,0.0,,1.0,2026-09-03,,,"https://www.google.com/maps?q=17.69266,83.2471&t=k"
fire_near_infrastructure|17.69013|83.24277|2026-09-03|2049|N21,fire_near_infrastructure,17.69013,83.24277,2026-09-03,2049,N21,N,industrial,1.13,,,11.0,refinery · OSM,Hindustan Petroleum Corporation Limited,0.0,,1.0,2026-09-03,,,"https://www.google.com/maps?q=17.69013,83.24277&t=k"
fire_near_infrastructure|17.60314|83.20052|2026-09-03|2049|N21,fire_near_infrastructure,17.60314,83.20052,2026-09-03,2049,N21,N,industrial,1.59,,,99.0,power plant (coal) · OSM,unnamed,181.0,,1.0,2026-09-03,,,"https://www.google.com/maps?q=17.60314,83.20052&t=k"
fire_near_infrastructure|15.16140|76.37529|2026-09-03|2049|N21,fire_near_infrastructure,15.1614,76.37529,2026-09-03,2049,N21,N,industrial,0.52,,,,power plant (coal) · OSM,Danapuram BMM Captive Power Plant 1,940.0,,1.0,2026-09-03,,,"https://www.google.com/maps?q=15.1614,76.37529&t=k"
industrial_anomaly|22.39963|69.01791|2026-09-03|2046|N21,industrial_anomaly,22.39963,69.01791,2026-09-03,2046,N21,N,industrial,3.18,1.07,2.97,11.0,OSM industrial=yes,,0.0,,1.0,2026-09-03,,,"https://www.google.com/maps?q=22.39963,69.01791&t=k"
industrial_anomaly|17.96308|83.15963|2026-09-03|2004|N20,industrial_anomaly,17.96308,83.15963,2026-09-03,2004,N20,N,industrial,1.55,0.82,1.9,6.0,OSM industrial=yes,,0.0,,1.0,2026-09-03,,,"https://www.google.com/maps?q=17.96308,83.15963&t=k"
fire_near_infrastructure|17.59818|83.19147|2026-09-03|2004|N20,fire_near_infrastructure,17.59818,83.19147,2026-09-03,2004,N20,N,industrial,1.29,,,6.0,power plant (coal) · OSM,unnamed,0.0,,1.0,2026-09-03,,,"https://www.google.com/maps?q=17.59818,83.19147&t=k"
fire_near_infrastructure|17.69188|83.24426|2026-09-03|2004|N20,fire_near_infrastructure,17.69188,83.24426,2026-09-03,2004,N20,N,industrial,1.77,,,11.0,refinery · OSM,Hindustan Petroleum Corporation Limited,0.0,,1.0,2026-09-03,,,"https://www.google.com/maps?q=17.69188,83.24426&t=k"
industrial_anomaly|26.52291|90.53250|2026-09-03|2002|N20,industrial_anomaly,26.52291,90.5325,2026-09-03,2002,N20,N,industrial,5.79,1.09,5.31,27.0,OSM industrial=refinery,,0.0,,2.0,2026-06-10,,,"https://www.google.com/maps?q=26.52291,90.5325&t=k"
fire_near_infrastructure|29.47757|76.85374|2026-09-03|2002|N20,fire_near_infrastructure,29.47757,76.85374,2026-09-03,2002,N20,N,unknown,9.46,,,,refinery · OSM,Panipat Refinery,310.0,,1.0,2026-09-03,,,"https://www.google.com/maps?q=29.47757,76.85374&t=k"
fire_near_infrastructure|29.48014|76.85374|2026-09-03|2002|N20,fire_near_infrastructure,29.48014,76.85374,2026-09-03,2002,N20,N,unknown,0.73,,,,refinery · OSM,Panipat Refinery,314.0,,1.0,2026-09-03,,,"https://www.google.com/maps?q=29.48014,76.85374&t=k"
fire_near_infrastructure|29.47475|76.85314|2026-09-03|2002|N20,fire_near_infrastructure,29.47475,76.85314,2026-09-03,2002,N20,N,unknown,8.36,,,,refinery · OSM,Panipat Refinery,372.0,,1.0,2026-09-03,,,"https://www.google.com/maps?q=29.47475,76.85314&t=k"
industrial_anomaly|23.64927|85.43691|2026-09-03|1908|N21,industrial_anomaly,23.64927,85.43691,2026-09-03,1908,N21,N,industrial,5.08,1.81,2.81,164.0,coal mine (osm),,210.0,,27.0,2026-06-05,,,"https://www.google.com/maps?q=23.64927,85.43691&t=k"
fire_near_infrastructure|21.16206|72.67400|2026-09-03|0915|N20,fire_near_infrastructure,21.16206,72.674,2026-09-03,0915,N20,D,industrial,6.29,,,,power plant (gas) · OSM,Kawas Thermal Power Station,774.0,,1.0,2026-09-03,,,"https://www.google.com/maps?q=21.16206,72.674&t=k"
large_fire_event|2026-09-03|6974|25418,large_fire_event,23.71097,86.42022,2026-09-03,,,,wildfire,33.2,,,,,,,,,,16.0,wildfire,"https://www.google.com/maps?q=23.71097,86.42022&t=k"
fire_near_infrastructure|15.18766|76.67159|2026-09-02|2023|N20,fire_near_infrastructure,15.18766,76.67159,2026-09-02,2023,N20,N,industrial,1.29,,,9.0,power plant (coal) · OSM,Vijayanagar Toranagallu Power Station,219.0,,1.0,2026-09-02,,,"https://www.google.com/maps?q=15.18766,76.67159&t=k"
fire_near_infrastructure|20.83645|70.69326|2026-09-02|2021|N20,fire_near_infrastructure,20.83645,70.69326,2026-09-02,2021,N20,N,industrial,0.6,,,49.0,power plant (coal) · OSM,Gujarat Cement Works Power Station,83.0,,1.0,2026-09-02,,,"https://www.google.com/maps?q=20.83645,70.69326&t=k"
fire_near_infrastructure|20.94764|86.04403|2026-09-02|2021|N20,fire_near_infrastructure,20.94764,86.04403,2026-09-02,2021,N20,N,unknown,1.03,,,5.0,power plant (coal) · OSM,Duburi Steel Power Plant,537.0,,1.0,2026-09-02,,,"https://www.google.com/maps?q=20.94764,86.04403&t=k"
fire_near_infrastructure|20.94769|86.04173|2026-09-02|2002|N,fire_near_infrastructure,20.94769,86.04173,2026-09-02,2002,N,N,unknown,2.41,,,,power plant (coal) · OSM,Duburi Steel Power Plant,561.0,,1.0,2026-09-02,,,"https://www.google.com/maps?q=20.94769,86.04173&t=k"
fire_near_infrastructure|20.94712|86.04544|2026-09-02|2002|N,fire_near_infrastructure,20.94712,86.04544,2026-09-02,2002,N,N,unknown,2.41,,,5.0,power plant (coal) · OSM,Duburi Steel Power Plant,622.0,,1.0,2026-09-02,,,"https://www.google.com/maps?q=20.94712,86.04544&t=k"
industrial_anomaly|23.67995|86.09299|2026-09-02|1925|N21,industrial_anomaly,23.67995,86.09299,2026-09-02,1925,N21,N,industrial,7.49,2.33,3.22,144.0,OSM industrial=yes,,0.0,,14.0,2026-06-11,,,"https://www.google.com/maps?q=23.67995,86.09299&t=k"
fire_near_infrastructure|8.89923|78.11224|2026-09-02|0750|N20,fire_near_infrastructure,8.89923,78.11224,2026-09-02,0750,N20,D,unknown,5.21,,,,power plant (coal) · OSM,Mutiara Thermal Power Plant,1985.0,,1.0,2026-09-02,,,"https://www.google.com/maps?q=8.89923,78.11224&t=k"
large_fire_event|2026-09-02|2812|22801,large_fire_event,9.55927,77.5222,2026-09-02,,,,wildfire,39.9,,,,,,,,,,21.0,wildfire,"https://www.google.com/maps?q=9.55927,77.5222&t=k"
fire_near_infrastructure|23.43164|68.71332|2026-09-01|2201|N,fire_near_infrastructure,23.43164,68.71332,2026-09-01,2201,N,N,industrial,0.77,,,32.0,power plant (coal) · OSM,Sewagram Cement Works Captive Power Station,0.0,,1.0,2026-09-01,,,"https://www.google.com/maps?q=23.43164,68.71332&t=k"
fire_near_infrastructure|16.30448|77.35959|2026-09-01|1947|N21,fire_near_infrastructure,16.30448,77.35959,2026-09-01,1947,N21,N,industrial,0.61,,,,power plant (coal) · OSM,unnamed,0.0,,1.0,2026-09-01,,,"https://www.google.com/maps?q=16.30448,77.35959&t=k"
large_fire_event|2026-09-01|2816|22806,large_fire_event,9.57555,77.53949,2026-09-01,,,,wildfire,39.7,,,,,,,,,,14.0,wildfire,"https://www.google.com/maps?q=9.57555,77.53949&t=k"
large_fire_event|2026-09-01|3409|22727,large_fire_event,11.58967,77.27085,2026-09-01,,,,wildfire,20.4,,,,,,,,,,10.0,wildfire,"https://www.google.com/maps?q=11.58967,77.27085&t=k"
